StudNo,CNo,Semester,AcadYear
2017-10401,1437,2nd,2015-2016
2017-10623,757,Sum,2016-2017
2017-10901,972,Sum,2016-2017
2017-10335,497,Sum,2016-2017
2017-10120,851,Sum,2016-2017
2017-10504,168,1st,2017-2018
2017-10550,155,1st,2016-2017
2017-10984,306,1st,2015-2016
2017-10405,1224,1st,2017-2018
2017-10844,49,1st,2017-2018
2017-10506,611,2nd,2017-2018
2017-10729,48,1st,2015-2016
2017-10905,1874,1st,2017-2018
2017-10017,1277,2nd,2017-2018
2017-10738,680,2nd,2017-2018
2017-10413,200,Sum,2016-2017
2017-10856,1500,1st,2015-2016
2017-10434,1994,1st,2015-2016
2017-10803,1181,Sum,2014-2015
2017-10512,1696,Sum,2017-2018
2017-10812,173,1st,2017-2018
2017-10619,14,1st,2017-2018
2017-10790,5,2nd,2014-2015
2017-10153,404,2nd,2014-2015
2017-10400,897,1st,2015-2016
2017-10240,1832,2nd,2016-2017
2017-10639,1594,Sum,2014-2015
2017-10997,1632,Sum,2015-2016
2017-10222,444,2nd,2017-2018
2017-10277,967,Sum,2015-2016
2017-10263,1241,2nd,2014-2015
2017-10235,1086,1st,2016-2017
2017-10043,347,1st,2016-2017
2017-10607,1313,1st,2015-2016
2017-10562,1788,2nd,2017-2018
2017-10488,1353,2nd,2015-2016
2017-10709,584,2nd,2015-2016
2017-10454,145,2nd,2015-2016
2017-10981,271,1st,2016-2017
2017-10511,1497,1st,2017-2018
2017-10183,1215,Sum,2015-2016
2017-10277,1381,1st,2014-2015
2017-10091,1805,2nd,2017-2018
2017-10864,209,1st,2017-2018
2017-10830,750,Sum,2017-2018
2017-10733,1016,2nd,2014-2015
2017-10678,978,Sum,2017-2018
2017-10057,1855,2nd,2017-2018
2017-10093,603,1st,2015-2016
2017-10067,1874,Sum,2017-2018
2017-10544,1784,Sum,2017-2018
2017-10921,1460,1st,2017-2018
2017-10775,1338,1st,2015-2016
2017-10729,1178,Sum,2015-2016
2017-10692,1577,1st,2016-2017
2017-10293,1361,Sum,2015-2016
2017-10939,716,Sum,2015-2016
2017-10852,205,1st,2015-2016
2017-10984,328,1st,2015-2016
2017-10580,85,1st,2017-2018
2017-10842,1830,1st,2015-2016
2017-10648,556,Sum,2017-2018
2017-10888,355,1st,2017-2018
2017-10270,1971,1st,2015-2016
2017-10962,340,2nd,2015-2016
2017-10427,182,1st,2016-2017
2017-10193,68,2nd,2014-2015
2017-10853,1786,2nd,2015-2016
2017-10527,1649,Sum,2015-2016
2017-10592,282,2nd,2017-2018
2017-10248,599,Sum,2016-2017
2017-10392,163,2nd,2014-2015
2017-10748,340,1st,2017-2018
2017-10131,594,1st,2014-2015
2017-10949,1612,2nd,2015-2016
2017-10749,129,Sum,2016-2017
2017-10767,651,1st,2014-2015
2017-10495,576,2nd,2017-2018
2017-10206,1824,1st,2017-2018
2017-10116,641,Sum,2017-2018
2017-10922,1295,2nd,2016-2017
2017-10315,1377,Sum,2017-2018
2017-10574,1974,Sum,2017-2018
2017-10566,1448,1st,2014-2015
2017-10555,604,2nd,2016-2017
2017-10774,736,Sum,2017-2018
2017-10032,1007,Sum,2015-2016
2017-10365,1394,1st,2017-2018
2017-10487,909,1st,2015-2016
2017-10987,1167,Sum,2016-2017
2017-10319,316,Sum,2017-2018
2017-10256,1714,1st,2014-2015
2017-10678,1995,1st,2017-2018
2017-10633,707,2nd,2014-2015
2017-10029,498,1st,2017-2018
2017-10620,523,2nd,2017-2018
2017-10992,1917,2nd,2015-2016
2017-10522,1858,1st,2014-2015
2017-10497,1344,2nd,2016-2017
2017-10267,314,2nd,2016-2017
2017-10430,726,Sum,2017-2018
2017-10496,1127,2nd,2014-2015
2017-10298,252,Sum,2014-2015
2017-10690,869,2nd,2015-2016
2017-10045,1002,2nd,2014-2015
2017-10293,988,2nd,2014-2015
2017-10741,1537,1st,2014-2015
2017-10645,1947,Sum,2014-2015
2017-10729,539,2nd,2017-2018
2017-10374,1197,2nd,2016-2017
2017-10531,1969,1st,2015-2016
2017-10593,189,1st,2014-2015
2017-10437,338,2nd,2017-2018
2017-10642,722,1st,2016-2017
2017-10566,253,1st,2014-2015
2017-10369,1498,1st,2015-2016
2017-10437,1236,2nd,2016-2017
2017-10157,942,Sum,2016-2017
2017-10194,1740,1st,2016-2017
2017-10374,549,Sum,2016-2017
2017-10026,877,2nd,2015-2016
2017-10138,356,Sum,2014-2015
2017-10999,1239,Sum,2016-2017
2017-10630,632,Sum,2014-2015
2017-10877,1482,Sum,2014-2015
2017-10097,808,2nd,2015-2016
2017-10545,1140,2nd,2016-2017
2017-10699,1870,2nd,2015-2016
2017-10693,1999,1st,2016-2017
2017-10249,1011,Sum,2015-2016
2017-10437,348,Sum,2015-2016
2017-10380,539,2nd,2016-2017
2017-10850,1667,2nd,2016-2017
2017-10249,1039,1st,2016-2017
2017-10618,1909,Sum,2015-2016
2017-10232,1164,Sum,2014-2015
2017-10406,1002,1st,2017-2018
2017-10791,1069,2nd,2017-2018
2017-10244,356,2nd,2017-2018
2017-10344,840,1st,2015-2016
2017-10760,1786,1st,2015-2016
2017-10318,1737,Sum,2016-2017
2017-10623,356,2nd,2016-2017
2017-10188,733,2nd,2014-2015
2017-10551,1980,2nd,2015-2016
2017-10675,949,1st,2014-2015
2017-10835,1285,2nd,2015-2016
2017-10280,485,Sum,2017-2018
2017-10422,648,2nd,2016-2017
2017-10443,1893,2nd,2014-2015
2017-10882,606,Sum,2015-2016
2017-10088,809,1st,2016-2017
2017-10978,1919,2nd,2014-2015
2017-10745,895,2nd,2015-2016
2017-10633,401,Sum,2015-2016
2017-10162,735,2nd,2014-2015
2017-10369,1888,2nd,2014-2015
2017-10923,1459,1st,2017-2018
2017-10627,21,2nd,2014-2015
2017-10791,677,1st,2017-2018
2017-10728,1867,Sum,2017-2018
2017-10408,530,2nd,2017-2018
2017-10645,1812,1st,2014-2015
2017-10552,1386,1st,2014-2015
2017-10466,1277,Sum,2015-2016
2017-10896,1881,Sum,2017-2018
2017-10355,547,2nd,2017-2018
2017-10274,869,1st,2016-2017
2017-10999,1315,Sum,2017-2018
2017-10952,1773,Sum,2015-2016
2017-10844,109,2nd,2015-2016
2017-10463,1830,2nd,2016-2017
2017-10095,1215,2nd,2017-2018
2017-10386,502,Sum,2015-2016
2017-10983,685,1st,2014-2015
2017-10368,530,1st,2016-2017
2017-10011,815,1st,2015-2016
2017-10526,1462,Sum,2014-2015
2017-10575,1333,Sum,2017-2018
2017-10707,654,2nd,2015-2016
2017-10717,1312,2nd,2014-2015
2017-10578,557,Sum,2016-2017
2017-10448,1598,1st,2015-2016
2017-10399,1170,2nd,2017-2018
2017-10544,807,Sum,2016-2017
2017-10899,1808,2nd,2014-2015
2017-10142,1795,1st,2015-2016
2017-10568,154,1st,2014-2015
2017-10913,817,1st,2016-2017
2017-10728,202,1st,2016-2017
2017-10951,647,1st,2015-2016
2017-10606,214,Sum,2014-2015
2017-10932,714,1st,2014-2015
2017-10050,698,Sum,2015-2016
2017-10927,1466,1st,2015-2016
2017-10778,1012,2nd,2015-2016
2017-10837,1357,Sum,2014-2015
2017-10904,1033,Sum,2017-2018
2017-10953,482,Sum,2014-2015
2017-10433,400,Sum,2015-2016
2017-10339,1878,1st,2016-2017
2017-10467,221,1st,2015-2016
2017-10291,1958,1st,2017-2018
2017-10720,1488,Sum,2016-2017
2017-10621,1280,2nd,2014-2015
2017-10113,204,2nd,2017-2018
2017-10745,693,Sum,2014-2015
2017-10167,1328,1st,2015-2016
2017-10080,233,Sum,2014-2015
2017-10859,1559,1st,2014-2015
2017-10835,894,2nd,2017-2018
2017-10829,1778,Sum,2017-2018
2017-10701,383,2nd,2014-2015
2017-10432,1213,1st,2016-2017
2017-10775,901,2nd,2014-2015
2017-10380,1243,Sum,2016-2017
2017-10049,1962,1st,2015-2016
2017-10587,1410,1st,2015-2016
2017-10922,646,1st,2015-2016
2017-10686,1693,Sum,2015-2016
2017-10103,1101,2nd,2016-2017
2017-10328,788,Sum,2014-2015
2017-10014,168,2nd,2017-2018
2017-10681,1510,1st,2014-2015
2017-10409,1669,2nd,2016-2017
2017-10737,1262,1st,2014-2015
2017-10392,1780,2nd,2015-2016
2017-10272,1590,1st,2015-2016
2017-10190,899,1st,2017-2018
2017-10129,1153,1st,2016-2017
2017-10138,1369,1st,2014-2015
2017-10752,1128,2nd,2014-2015
2017-10334,751,2nd,2016-2017
2017-10718,890,Sum,2016-2017
2017-10842,921,1st,2016-2017
2017-10292,1608,2nd,2015-2016
2017-10161,1292,2nd,2015-2016
2017-10841,517,2nd,2017-2018
2017-10854,702,2nd,2016-2017
2017-10561,352,2nd,2016-2017
2017-10154,655,Sum,2017-2018
2017-10391,708,2nd,2014-2015
2017-10905,128,2nd,2015-2016
2017-10585,177,Sum,2014-2015
2017-10324,1113,Sum,2014-2015
2017-10488,44,Sum,2015-2016
2017-10027,1360,1st,2015-2016
2017-10207,980,1st,2016-2017
2017-10082,939,Sum,2016-2017
2017-10342,980,1st,2016-2017
2017-10791,363,1st,2017-2018
2017-10984,1927,Sum,2016-2017
2017-10152,244,2nd,2016-2017
2017-10414,1407,1st,2017-2018
2017-10121,158,2nd,2017-2018
2017-10777,573,1st,2014-2015
2017-10308,1482,1st,2016-2017
2017-10487,1321,1st,2017-2018
2017-10894,689,1st,2015-2016
2017-10425,1488,1st,2016-2017
2017-10525,1293,1st,2017-2018
2017-10412,1221,Sum,2014-2015
2017-10246,754,2nd,2016-2017
2017-10973,367,Sum,2014-2015
2017-10479,522,2nd,2017-2018
2017-10463,4,1st,2017-2018
2017-10651,1860,2nd,2017-2018
2017-10305,695,2nd,2016-2017
2017-10270,911,Sum,2015-2016
2017-10282,1866,Sum,2014-2015
2017-10651,1825,1st,2015-2016
2017-10370,1697,2nd,2017-2018
2017-10859,702,Sum,2017-2018
2017-10883,1143,1st,2016-2017
2017-10259,702,2nd,2014-2015
2017-10453,912,1st,2015-2016
2017-10657,113,Sum,2015-2016
2017-10609,1744,Sum,2015-2016
2017-10300,1503,2nd,2015-2016
2017-10990,1221,Sum,2014-2015
2017-10727,853,2nd,2014-2015
2017-10221,71,1st,2017-2018
2017-10511,719,2nd,2014-2015
2017-10874,439,1st,2016-2017
2017-10491,1940,2nd,2015-2016
2017-10768,1572,2nd,2014-2015
2017-10442,1850,1st,2016-2017
2017-10978,1858,2nd,2016-2017
2017-10080,1425,1st,2014-2015
2017-10033,1163,2nd,2016-2017
2017-10180,1311,2nd,2014-2015
2017-10860,1330,Sum,2015-2016
2017-10210,1429,Sum,2015-2016
2017-10223,1559,Sum,2016-2017
2017-10098,557,1st,2015-2016
2017-10285,1121,1st,2017-2018
2017-10497,1439,1st,2016-2017
2017-10100,1982,1st,2014-2015
2017-10116,842,Sum,2016-2017
2017-10259,1356,1st,2016-2017
2017-10759,272,1st,2014-2015
2017-10165,392,Sum,2017-2018
2017-10915,1139,2nd,2017-2018
2017-10618,1149,2nd,2016-2017
2017-10630,403,1st,2015-2016
2017-10917,624,2nd,2014-2015
2017-10753,1493,1st,2016-2017
2017-10175,1028,2nd,2017-2018
2017-10674,184,Sum,2017-2018
2017-10790,1976,Sum,2016-2017
2017-10026,700,2nd,2017-2018
2017-10830,549,Sum,2017-2018
2017-10922,1557,Sum,2016-2017
2017-10465,727,1st,2015-2016
2017-10815,181,Sum,2014-2015
2017-10277,611,Sum,2015-2016
2017-10419,435,Sum,2015-2016
2017-10399,1081,2nd,2017-2018
2017-10723,17,Sum,2017-2018
2017-10768,1394,1st,2017-2018
2017-10825,306,2nd,2017-2018
2017-10781,750,Sum,2015-2016
2017-10825,1065,Sum,2014-2015
2017-10272,903,Sum,2017-2018
2017-10204,544,2nd,2016-2017
2017-10755,6,Sum,2014-2015
2017-10757,946,1st,2017-2018
2017-10221,1141,Sum,2015-2016
2017-10871,955,Sum,2017-2018
2017-10262,883,1st,2016-2017
2017-10742,1719,2nd,2016-2017
2017-10422,675,Sum,2016-2017
2017-10459,305,1st,2014-2015
2017-10713,232,Sum,2017-2018
2017-10441,763,1st,2017-2018
2017-10290,507,2nd,2014-2015
2017-10828,1418,1st,2015-2016
2017-10154,1643,1st,2017-2018
2017-10012,1306,Sum,2017-2018
2017-10823,1335,2nd,2017-2018
2017-10193,367,2nd,2015-2016
2017-10336,979,1st,2016-2017
2017-10056,1902,2nd,2015-2016
2017-10008,1698,2nd,2014-2015
2017-10894,1000,Sum,2016-2017
2017-10043,708,2nd,2015-2016
2017-10479,1988,Sum,2016-2017
2017-10313,1153,2nd,2017-2018
2017-10199,1511,2nd,2017-2018
2017-10771,718,1st,2016-2017
2017-10050,1741,2nd,2016-2017
2017-10406,1453,Sum,2017-2018
2017-10134,218,Sum,2015-2016
2017-10513,197,2nd,2016-2017
2017-10719,131,Sum,2014-2015
2017-10100,753,1st,2017-2018
2017-10257,1280,2nd,2014-2015
2017-10060,733,Sum,2014-2015
2017-10026,1647,2nd,2014-2015
2017-10098,637,1st,2017-2018
2017-10461,1228,1st,2017-2018
2017-10060,613,2nd,2015-2016
2017-10252,324,1st,2017-2018
2017-10369,1919,1st,2014-2015
2017-10831,1918,1st,2016-2017
2017-10417,1223,Sum,2014-2015
2017-10690,1405,1st,2016-2017
2017-10150,455,Sum,2014-2015
2017-10194,536,2nd,2015-2016
2017-10053,26,1st,2016-2017
2017-10418,1483,Sum,2017-2018
2017-10296,1546,1st,2015-2016
2017-10917,1998,Sum,2015-2016
2017-10444,1221,Sum,2017-2018
2017-10232,1137,1st,2014-2015
2017-10169,942,2nd,2015-2016
2017-10711,1543,1st,2015-2016
2017-10135,1764,2nd,2016-2017
2017-10464,1674,1st,2016-2017
2017-10079,307,1st,2014-2015
2017-10588,1539,1st,2014-2015
2017-10047,163,2nd,2017-2018
2017-10700,1219,2nd,2017-2018
2017-10496,1813,Sum,2014-2015
2017-10525,996,1st,2016-2017
2017-10851,227,Sum,2017-2018
2017-10412,1247,1st,2016-2017
2017-10429,1502,Sum,2016-2017
2017-10919,124,2nd,2015-2016
2017-10728,1620,2nd,2017-2018
2017-10775,1840,1st,2016-2017
2017-10822,1803,2nd,2015-2016
2017-10178,171,1st,2015-2016
2017-10195,1352,1st,2016-2017
2017-10066,511,Sum,2014-2015
2017-10464,466,2nd,2015-2016
2017-10464,1888,1st,2014-2015
2017-10113,169,1st,2015-2016
2017-10738,1099,1st,2015-2016
2017-10753,1344,2nd,2017-2018
2017-10015,1695,Sum,2017-2018
2017-10801,397,Sum,2016-2017
2017-10725,560,Sum,2017-2018
2017-10074,1081,Sum,2017-2018
2017-10143,1177,2nd,2017-2018
2017-10492,1542,2nd,2017-2018
2017-10507,268,1st,2014-2015
2017-10723,1567,2nd,2016-2017
2017-10746,1,2nd,2016-2017
2017-10098,683,2nd,2017-2018
2017-10803,1061,2nd,2016-2017
2017-10604,759,Sum,2017-2018
2017-10684,538,Sum,2017-2018
2017-10442,1349,2nd,2015-2016
2017-10308,992,2nd,2016-2017
2017-10429,143,1st,2015-2016
2017-10565,900,Sum,2017-2018
2017-10043,546,2nd,2014-2015
2017-10275,1376,Sum,2017-2018
2017-10417,978,2nd,2014-2015
2017-10715,1886,1st,2015-2016
2017-10675,1913,1st,2016-2017
2017-10416,1805,2nd,2015-2016
2017-10026,283,2nd,2017-2018
2017-10857,559,1st,2014-2015
2017-10996,97,2nd,2016-2017
2017-10709,1407,1st,2016-2017
2017-10853,1897,Sum,2016-2017
2017-10592,1238,Sum,2017-2018
2017-10848,72,1st,2016-2017
2017-10628,332,Sum,2015-2016
2017-10525,1598,1st,2016-2017
2017-10122,6,2nd,2014-2015
2017-10843,1095,2nd,2017-2018
2017-10986,963,2nd,2015-2016
2017-10650,7,2nd,2015-2016
2017-10148,1034,Sum,2016-2017
2017-10616,1910,1st,2017-2018
2017-10451,1641,2nd,2017-2018
2017-10170,1300,Sum,2017-2018
2017-10257,832,2nd,2016-2017
2017-10533,318,2nd,2015-2016
2017-10589,1742,Sum,2015-2016
2017-10160,27,1st,2017-2018
2017-10127,1589,Sum,2015-2016
2017-10250,664,Sum,2015-2016
2017-10077,937,1st,2015-2016
2017-10175,1277,Sum,2017-2018
2017-10639,161,2nd,2016-2017
2017-10608,1864,2nd,2016-2017
2017-10093,300,1st,2017-2018
2017-10076,1186,Sum,2017-2018
2017-10121,1338,Sum,2014-2015
2017-10183,628,Sum,2015-2016
2017-10784,549,1st,2015-2016
2017-10136,1732,1st,2017-2018
2017-10854,1368,2nd,2017-2018
2017-10095,1351,1st,2014-2015
2017-10824,1993,Sum,2016-2017
2017-10167,326,Sum,2015-2016
2017-10977,1603,2nd,2014-2015
2017-10363,882,Sum,2016-2017
2017-10409,331,1st,2017-2018
2017-10442,1402,1st,2016-2017
2017-10859,992,1st,2017-2018
2017-10206,1881,2nd,2016-2017
2017-10283,377,2nd,2016-2017
2017-10486,92,Sum,2014-2015
2017-10300,276,Sum,2016-2017
2017-10418,1824,Sum,2014-2015
2017-10326,701,Sum,2015-2016
2017-10221,743,2nd,2014-2015
2017-10064,1198,2nd,2015-2016
2017-10805,726,1st,2016-2017
2017-10289,1987,2nd,2016-2017
2017-10310,132,1st,2017-2018
2017-10198,353,Sum,2014-2015
2017-10253,410,1st,2014-2015
2017-10823,8,2nd,2016-2017
2017-10267,1424,Sum,2016-2017
2017-10589,1540,Sum,2015-2016
2017-10455,476,1st,2015-2016
2017-10722,1228,1st,2014-2015
2017-10736,1716,2nd,2017-2018
2017-10856,96,2nd,2014-2015
2017-10667,1092,Sum,2016-2017
2017-10255,339,Sum,2016-2017
2017-10943,155,1st,2016-2017
2017-10847,718,1st,2015-2016
2017-10815,837,Sum,2014-2015
2017-10216,669,2nd,2015-2016
2017-10091,1413,2nd,2016-2017
2017-10873,1907,2nd,2014-2015
2017-10713,1129,Sum,2017-2018
2017-10034,1595,2nd,2017-2018
2017-10094,798,1st,2015-2016
2017-10855,1889,Sum,2015-2016
2017-10869,1467,2nd,2016-2017
2017-10218,799,1st,2017-2018
2017-10934,1647,1st,2016-2017
2017-10206,1949,1st,2016-2017
2017-10663,1823,1st,2014-2015
2017-10782,892,2nd,2017-2018
2017-10360,1055,1st,2017-2018
2017-10042,102,1st,2014-2015
2017-10916,685,2nd,2014-2015
2017-10653,532,Sum,2015-2016
2017-10540,458,2nd,2015-2016
2017-10174,1529,Sum,2017-2018
2017-10950,1460,1st,2015-2016
2017-10531,1539,1st,2015-2016
2017-10317,232,2nd,2014-2015
2017-10474,1910,1st,2017-2018
2017-10611,1587,Sum,2017-2018
2017-10490,391,Sum,2014-2015
2017-10838,1542,2nd,2017-2018
2017-10128,167,2nd,2017-2018
2017-10419,763,1st,2014-2015
2017-10743,1455,1st,2014-2015
2017-10346,522,2nd,2015-2016
2017-10604,448,Sum,2017-2018
2017-10187,576,Sum,2014-2015
2017-10544,1690,1st,2014-2015
2017-10679,160,2nd,2014-2015
2017-10364,8,Sum,2014-2015
2017-10678,1583,1st,2016-2017
2017-10249,580,1st,2016-2017
2017-10851,1152,Sum,2016-2017
2017-10377,9,Sum,2016-2017
2017-10789,1346,Sum,2017-2018
2017-10855,1248,1st,2016-2017
2017-10775,614,Sum,2016-2017
2017-10378,1222,1st,2017-2018
2017-10988,1020,2nd,2015-2016
2017-10565,1586,1st,2016-2017
2017-10339,1944,2nd,2014-2015
2017-10414,1750,Sum,2016-2017
2017-10455,1069,1st,2014-2015
2017-10865,636,Sum,2017-2018
2017-10544,1818,1st,2015-2016
2017-10811,214,1st,2014-2015
2017-10162,1139,1st,2016-2017
2017-10257,1927,2nd,2015-2016
2017-10794,1873,2nd,2015-2016
2017-10129,1490,Sum,2017-2018
2017-10109,298,2nd,2017-2018
2017-10237,1227,Sum,2016-2017
2017-10181,383,2nd,2014-2015
2017-10296,1782,1st,2016-2017
2017-10330,1941,1st,2015-2016
2017-10751,1923,2nd,2016-2017
2017-10417,869,2nd,2014-2015
2017-10657,1201,Sum,2017-2018
2017-10269,497,1st,2015-2016
2017-10271,1306,1st,2017-2018
2017-10232,834,Sum,2015-2016
2017-10149,1574,Sum,2015-2016
2017-10308,1900,1st,2015-2016
2017-10108,1948,2nd,2017-2018
2017-10592,850,Sum,2014-2015
2017-10100,1180,1st,2016-2017
2017-10462,1101,Sum,2017-2018
2017-10704,1125,1st,2017-2018
2017-10912,1698,1st,2014-2015
2017-10502,1095,1st,2017-2018
2017-10201,1859,2nd,2015-2016
2017-10824,1275,2nd,2014-2015
2017-10251,1576,Sum,2015-2016
2017-10201,1,Sum,2015-2016
2017-10973,1299,1st,2016-2017
2017-10731,871,1st,2017-2018
2017-10401,208,1st,2015-2016
2017-10063,44,2nd,2017-2018
2017-10363,859,2nd,2017-2018
2017-10211,1906,2nd,2015-2016
2017-10154,1935,Sum,2014-2015
2017-10288,890,1st,2017-2018
2017-10453,1667,2nd,2015-2016
2017-10518,1484,Sum,2014-2015
2017-10381,497,Sum,2014-2015
2017-10878,68,2nd,2015-2016
2017-10715,1946,2nd,2017-2018
2017-10832,1049,2nd,2016-2017
2017-10020,672,2nd,2017-2018
2017-10856,578,2nd,2017-2018
2017-10460,1592,Sum,2014-2015
2017-10385,568,1st,2017-2018
2017-10709,590,1st,2016-2017
2017-10702,807,Sum,2016-2017
2017-10584,1376,2nd,2015-2016
2017-10874,1649,2nd,2017-2018
2017-10374,399,1st,2015-2016
2017-10742,1646,1st,2014-2015
2017-10933,1105,2nd,2015-2016
2017-10248,1742,1st,2014-2015
2017-10580,379,2nd,2017-2018
2017-10225,604,Sum,2017-2018
2017-10990,683,Sum,2014-2015
2017-10470,1558,2nd,2014-2015
2017-10691,962,Sum,2015-2016
2017-10728,499,1st,2015-2016
2017-10842,439,Sum,2017-2018
2017-10142,1609,Sum,2017-2018
2017-10303,882,1st,2017-2018
2017-10262,298,1st,2017-2018
2017-10235,1825,1st,2015-2016
2017-10846,954,2nd,2016-2017
2017-10577,1321,Sum,2015-2016
2017-10702,927,2nd,2015-2016
2017-10315,899,2nd,2017-2018
2017-10133,1990,2nd,2015-2016
2017-10309,947,2nd,2016-2017
2017-10397,1796,2nd,2015-2016
2017-10268,391,Sum,2014-2015
2017-10141,1586,1st,2017-2018
2017-10068,807,2nd,2017-2018
2017-10673,495,2nd,2015-2016
2017-10469,1774,Sum,2016-2017
2017-10715,1279,Sum,2015-2016
2017-10196,521,Sum,2017-2018
2017-10588,1415,1st,2015-2016
2017-10531,973,2nd,2016-2017
2017-10315,157,2nd,2014-2015
2017-10493,1703,1st,2015-2016
2017-10313,371,1st,2015-2016
2017-10397,1439,Sum,2017-2018
2017-10185,659,Sum,2014-2015
2017-10220,395,Sum,2015-2016
2017-10351,1059,Sum,2014-2015
2017-10741,1117,1st,2015-2016
2017-10135,675,Sum,2017-2018
2017-10893,677,2nd,2017-2018
2017-10500,964,Sum,2016-2017
2017-10106,762,1st,2014-2015
2017-10801,184,2nd,2017-2018
2017-10724,407,2nd,2015-2016
2017-10701,1569,1st,2016-2017
2017-10613,45,1st,2016-2017
2017-10064,183,Sum,2017-2018
2017-10654,1204,Sum,2016-2017
2017-10787,751,1st,2017-2018
2017-10597,329,Sum,2015-2016
2017-10206,1378,Sum,2017-2018
2017-10744,1637,1st,2017-2018
2017-10227,93,2nd,2017-2018
2017-10053,359,2nd,2016-2017
2017-10960,1145,Sum,2017-2018
2017-10130,1255,2nd,2016-2017
2017-10424,973,2nd,2017-2018
2017-10682,1630,2nd,2017-2018
2017-10258,1600,Sum,2016-2017
2017-10940,1904,1st,2017-2018
2017-10558,459,Sum,2015-2016
2017-10407,105,2nd,2015-2016
2017-10677,1537,Sum,2016-2017
2017-10804,1660,2nd,2015-2016
2017-10036,678,2nd,2015-2016
2017-10762,1861,1st,2015-2016
2017-10868,219,2nd,2015-2016
2017-10497,927,1st,2017-2018
2017-10774,1092,2nd,2015-2016
2017-10805,70,Sum,2014-2015
2017-10011,1893,1st,2016-2017
2017-10288,764,1st,2017-2018
2017-10410,1703,2nd,2016-2017
2017-10927,310,1st,2014-2015
2017-10791,452,2nd,2017-2018
2017-10746,1894,Sum,2015-2016
2017-10529,510,Sum,2015-2016
2017-10348,1874,Sum,2016-2017
2017-10792,41,Sum,2014-2015
2017-10411,447,1st,2015-2016
2017-10408,1084,Sum,2017-2018
2017-10975,510,Sum,2016-2017
2017-10714,177,2nd,2014-2015
2017-10348,1392,Sum,2015-2016
2017-10365,1124,Sum,2017-2018
2017-10002,1654,Sum,2017-2018
2017-10009,1854,1st,2017-2018
2017-10574,1714,Sum,2017-2018
2017-10965,578,2nd,2015-2016
2017-10420,167,2nd,2015-2016
2017-10859,1928,2nd,2015-2016
2017-10773,1295,1st,2017-2018
2017-10360,580,Sum,2016-2017
2017-10581,775,1st,2015-2016
2017-10764,370,1st,2015-2016
2017-10092,814,2nd,2014-2015
2017-10489,260,Sum,2016-2017
2017-10043,814,Sum,2017-2018
2017-10388,1523,2nd,2017-2018
2017-10579,318,Sum,2016-2017
2017-10063,1397,2nd,2014-2015
2017-10454,1204,1st,2017-2018
2017-10545,1412,Sum,2016-2017
2017-10867,1175,1st,2015-2016
2017-10481,1607,1st,2016-2017
2017-10065,879,Sum,2017-2018
2017-10296,208,2nd,2017-2018
2017-10456,1887,2nd,2017-2018
2017-10062,381,Sum,2014-2015
2017-10369,336,1st,2016-2017
2017-10824,820,Sum,2015-2016
2017-10653,845,Sum,2017-2018
2017-10794,984,2nd,2014-2015
2017-10949,1123,2nd,2014-2015
2017-10582,1319,2nd,2016-2017
2017-10190,426,Sum,2016-2017
2017-10041,1958,2nd,2015-2016
2017-10368,1858,Sum,2016-2017
2017-10647,1373,1st,2014-2015
2017-10015,986,1st,2017-2018
2017-10492,948,1st,2015-2016
2017-10676,392,2nd,2016-2017
2017-10343,1159,2nd,2016-2017
2017-10263,594,1st,2017-2018
2017-10558,507,Sum,2017-2018
2017-10424,1845,Sum,2017-2018
2017-10752,10,2nd,2016-2017
2017-10310,1826,2nd,2015-2016
2017-10579,1145,Sum,2017-2018
2017-10054,722,Sum,2016-2017
2017-10433,1078,2nd,2017-2018
2017-10163,317,Sum,2017-2018
2017-10135,252,Sum,2017-2018
2017-10739,1392,2nd,2016-2017
2017-10705,1117,1st,2015-2016
2017-10297,1232,2nd,2017-2018
2017-10265,1150,2nd,2014-2015
2017-10139,18,1st,2017-2018
2017-10349,1837,Sum,2015-2016
2017-10439,23,1st,2014-2015
2017-10657,1346,1st,2015-2016
2017-10400,1563,2nd,2017-2018
2017-10626,1316,Sum,2016-2017
2017-10696,957,Sum,2014-2015
2017-10630,903,Sum,2016-2017
2017-10898,367,1st,2015-2016
2017-10380,1324,2nd,2016-2017
2017-10235,1051,Sum,2014-2015
2017-10497,1276,2nd,2017-2018
2017-10220,1589,2nd,2017-2018
2017-10526,1526,2nd,2015-2016
2017-10811,475,1st,2017-2018
2017-10282,1556,Sum,2017-2018
2017-10988,632,2nd,2016-2017
2017-10204,1419,2nd,2014-2015
2017-10944,519,Sum,2014-2015
2017-10629,155,Sum,2017-2018
2017-10030,162,Sum,2014-2015
2017-10507,24,1st,2016-2017
2017-10999,506,Sum,2014-2015
2017-10121,1688,2nd,2014-2015
2017-10251,1356,1st,2014-2015
2017-10494,1086,1st,2014-2015
2017-10375,581,2nd,2016-2017
2017-10531,520,Sum,2016-2017
2017-10384,662,Sum,2015-2016
2017-10231,97,2nd,2017-2018
2017-10514,761,2nd,2015-2016
2017-10047,493,2nd,2015-2016
2017-10131,962,1st,2014-2015
2017-10428,1944,Sum,2015-2016
2017-10603,1130,2nd,2015-2016
2017-10167,772,1st,2017-2018
2017-10803,819,1st,2016-2017
2017-10144,766,Sum,2017-2018
2017-10234,1546,1st,2014-2015
2017-10411,63,2nd,2016-2017
2017-10837,1693,Sum,2016-2017
2017-10001,66,1st,2017-2018
2017-10343,1852,2nd,2015-2016
2017-10667,1121,1st,2015-2016
2017-10625,1498,2nd,2017-2018
2017-10081,1268,1st,2016-2017
2017-10876,1464,2nd,2014-2015
2017-10227,521,2nd,2014-2015
2017-10490,23,2nd,2016-2017
2017-10442,1832,1st,2014-2015
2017-10001,1280,Sum,2015-2016
2017-10115,1972,Sum,2015-2016
2017-10696,1546,1st,2014-2015
2017-10118,1217,1st,2016-2017
2017-10478,1110,1st,2016-2017
2017-10589,23,Sum,2014-2015
2017-10643,1116,1st,2017-2018
2017-10246,349,Sum,2014-2015
2017-10244,1137,1st,2015-2016
2017-10268,1105,Sum,2016-2017
2017-10288,1668,2nd,2017-2018
2017-10022,60,Sum,2017-2018
2017-10554,1288,1st,2015-2016
2017-10827,736,2nd,2014-2015
2017-10062,1078,2nd,2016-2017
2017-10059,1177,1st,2016-2017
2017-10938,311,Sum,2016-2017
2017-10601,1215,2nd,2015-2016
2017-10554,742,2nd,2016-2017
2017-10195,981,2nd,2017-2018
2017-10230,1567,1st,2015-2016
2017-10937,193,Sum,2016-2017
2017-10936,1740,Sum,2016-2017
2017-10636,1118,2nd,2015-2016
2017-10100,209,1st,2015-2016
2017-10495,738,1st,2017-2018
2017-10501,1228,2nd,2016-2017
2017-10705,174,Sum,2015-2016
2017-10294,1396,2nd,2015-2016
2017-10758,510,1st,2016-2017
2017-10901,635,Sum,2014-2015
2017-10439,1028,1st,2017-2018
2017-10518,1310,1st,2017-2018
2017-10944,1640,Sum,2014-2015
2017-10012,1564,2nd,2017-2018
2017-10619,1982,1st,2015-2016
2017-10186,803,Sum,2015-2016
2017-10740,1782,Sum,2015-2016
2017-10758,126,Sum,2016-2017
2017-10999,1430,1st,2016-2017
2017-10998,947,2nd,2016-2017
2017-10164,1098,Sum,2015-2016
2017-10776,712,2nd,2017-2018
2017-10126,1715,2nd,2015-2016
2017-10762,1951,1st,2016-2017
2017-10515,728,1st,2014-2015
2017-10192,955,2nd,2017-2018
2017-10856,1742,2nd,2014-2015
2017-10563,641,1st,2016-2017
2017-10494,865,2nd,2015-2016
2017-10728,1801,Sum,2017-2018
2017-10873,792,1st,2014-2015
2017-10865,934,1st,2017-2018
2017-10865,1256,1st,2014-2015
2017-10932,1857,1st,2016-2017
2017-10520,243,1st,2017-2018
2017-10877,1097,2nd,2017-2018
2017-10743,820,1st,2017-2018
2017-10126,936,2nd,2016-2017
2017-10460,1075,Sum,2014-2015
2017-10609,258,2nd,2014-2015
2017-10808,1028,2nd,2017-2018
2017-10623,1601,2nd,2016-2017
2017-10531,1982,Sum,2017-2018
2017-10747,1975,Sum,2014-2015
2017-10095,1188,2nd,2016-2017
2017-10046,291,Sum,2014-2015
2017-10610,21,1st,2016-2017
2017-10881,480,2nd,2015-2016
2017-10229,1557,2nd,2014-2015
2017-10718,968,Sum,2017-2018
2017-10357,1904,1st,2014-2015
2017-10888,1141,Sum,2015-2016
2017-10949,1254,1st,2017-2018
2017-10462,138,Sum,2015-2016
2017-10217,720,1st,2015-2016
2017-10083,1150,1st,2017-2018
2017-10602,1516,2nd,2017-2018
2017-10264,1216,Sum,2015-2016
2017-10471,1132,Sum,2014-2015
2017-10589,607,Sum,2016-2017
2017-10314,486,2nd,2017-2018
2017-10770,279,1st,2015-2016
2017-10924,569,Sum,2017-2018
2017-10424,395,1st,2014-2015
2017-10527,426,1st,2016-2017
2017-10776,375,1st,2017-2018
2017-10257,1261,2nd,2014-2015
2017-10519,1158,2nd,2015-2016
2017-10487,1166,1st,2014-2015
2017-10716,470,Sum,2015-2016
2017-10290,448,Sum,2015-2016
2017-10662,1200,Sum,2015-2016
2017-10464,794,2nd,2017-2018
2017-10002,1297,1st,2014-2015
2017-10690,557,1st,2017-2018
2017-10580,918,2nd,2015-2016
2017-10081,1634,1st,2014-2015
2017-10943,1611,1st,2014-2015
2017-10267,1129,2nd,2016-2017
2017-10477,1521,1st,2017-2018
2017-10082,1415,2nd,2017-2018
2017-10146,1417,Sum,2017-2018
2017-10804,138,2nd,2016-2017
2017-10650,1987,1st,2015-2016
2017-10818,1981,2nd,2015-2016
2017-10200,1510,Sum,2014-2015
2017-10476,1649,Sum,2017-2018
2017-10492,1799,Sum,2017-2018
2017-10389,807,Sum,2015-2016
2017-10465,271,Sum,2016-2017
2017-10128,1462,2nd,2017-2018
2017-10437,1499,2nd,2015-2016
2017-10024,1717,Sum,2014-2015
2017-10702,1686,Sum,2016-2017
2017-10380,484,2nd,2014-2015
2017-10478,1463,2nd,2014-2015
2017-10732,1823,Sum,2017-2018
2017-10397,11,Sum,2016-2017
2017-10793,1317,1st,2016-2017
2017-10408,180,2nd,2015-2016
2017-10432,512,Sum,2017-2018
2017-10394,661,1st,2015-2016
2017-10946,1661,2nd,2015-2016
2017-10558,1365,Sum,2017-2018
2017-10047,391,Sum,2016-2017
2017-10486,829,1st,2014-2015
2017-10974,793,2nd,2017-2018
2017-10718,435,1st,2014-2015
2017-10214,816,1st,2014-2015
2017-10357,1329,2nd,2014-2015
2017-10171,52,Sum,2016-2017
2017-10557,185,2nd,2016-2017
2017-10204,418,1st,2017-2018
2017-10572,430,1st,2014-2015
2017-10762,1666,Sum,2015-2016
2017-10744,723,1st,2017-2018
2017-10598,1207,Sum,2016-2017
2017-10947,1144,1st,2014-2015
2017-10626,171,2nd,2016-2017
2017-10354,1995,2nd,2017-2018
2017-10100,1802,1st,2014-2015
2017-10802,1625,1st,2014-2015
2017-10104,1199,2nd,2016-2017
2017-10107,975,Sum,2015-2016
2017-10959,416,2nd,2016-2017
2017-10904,1897,Sum,2016-2017
2017-10227,320,Sum,2014-2015
2017-10208,1951,Sum,2014-2015
2017-10488,1592,1st,2017-2018
2017-10124,1824,Sum,2014-2015
2017-10604,1771,Sum,2015-2016
2017-10295,184,2nd,2016-2017
2017-10110,713,Sum,2014-2015
2017-10163,1063,2nd,2014-2015
2017-10709,1830,2nd,2015-2016
2017-10137,1446,2nd,2016-2017
2017-10227,933,2nd,2014-2015
2017-10893,239,2nd,2015-2016
2017-10266,448,1st,2014-2015
2017-10171,1544,Sum,2015-2016
2017-10936,1614,Sum,2014-2015
2017-10078,1006,2nd,2017-2018
2017-10716,652,2nd,2015-2016
2017-10733,1536,1st,2015-2016
2017-10806,1747,2nd,2015-2016
2017-10869,1146,2nd,2016-2017
2017-10191,974,1st,2016-2017
2017-10097,262,2nd,2017-2018
2017-10381,1999,1st,2015-2016
2017-10966,1532,1st,2016-2017
2017-10877,988,1st,2016-2017
2017-10896,1537,Sum,2016-2017
2017-10026,391,2nd,2014-2015
2017-10686,459,1st,2017-2018
2017-10804,1858,Sum,2017-2018
2017-10531,1610,2nd,2015-2016
2017-10657,980,Sum,2014-2015
2017-10467,1062,1st,2016-2017
2017-10240,244,2nd,2014-2015
2017-10662,464,Sum,2015-2016
2017-10745,1663,Sum,2016-2017
2017-10912,1929,2nd,2015-2016
2017-10613,395,Sum,2017-2018
2017-10095,1110,Sum,2015-2016
2017-10326,405,1st,2016-2017
2017-10620,1023,Sum,2017-2018
2017-10735,1063,1st,2017-2018
2017-10569,181,1st,2014-2015
2017-10078,444,2nd,2014-2015
2017-10589,516,1st,2015-2016
2017-10670,1709,1st,2016-2017
2017-10195,991,1st,2015-2016
2017-10390,1698,Sum,2014-2015
2017-10520,1970,Sum,2015-2016
2017-10774,35,1st,2015-2016
2017-10406,1183,1st,2015-2016
2017-10501,1029,1st,2015-2016
2017-10385,921,Sum,2015-2016
2017-10313,1721,1st,2017-2018
2017-10512,1528,Sum,2016-2017
2017-10713,1664,2nd,2014-2015
2017-10052,1671,Sum,2016-2017
2017-10059,1974,Sum,2014-2015
2017-10836,1042,2nd,2014-2015
2017-10741,1765,1st,2016-2017
2017-10124,216,1st,2016-2017
2017-10013,8,1st,2015-2016
2017-10724,1678,2nd,2014-2015
2017-10451,1412,Sum,2015-2016
2017-10001,1449,1st,2016-2017
2017-10519,804,1st,2016-2017
2017-10459,611,2nd,2014-2015
2017-10797,135,2nd,2015-2016
2017-10168,298,2nd,2017-2018
2017-10349,434,2nd,2015-2016
2017-10284,193,2nd,2017-2018
2017-10631,1163,2nd,2016-2017
2017-10027,449,1st,2014-2015
2017-10788,712,1st,2016-2017
2017-20370,1541,Sum,2014-2015
2017-20541,1548,Sum,2014-2015
2017-20807,231,1st,2014-2015
2017-20340,468,1st,2016-2017
2017-20704,1533,Sum,2016-2017
2017-20581,182,2nd,2015-2016
2017-20417,1506,1st,2015-2016
2017-20230,1508,Sum,2015-2016
2017-20037,1951,1st,2017-2018
2017-20716,882,2nd,2014-2015
2017-20260,1585,1st,2015-2016
2017-20198,859,Sum,2014-2015
2017-20581,1442,2nd,2017-2018
2017-20915,1482,Sum,2014-2015
2017-20406,1682,1st,2014-2015
2017-20704,4,2nd,2016-2017
2017-20404,575,2nd,2016-2017
2017-20676,1395,2nd,2016-2017
2017-20285,490,2nd,2015-2016
2017-20129,313,1st,2015-2016
2017-20262,1383,Sum,2015-2016
2017-20189,1683,Sum,2014-2015
2017-20150,1112,2nd,2015-2016
2017-20010,610,1st,2017-2018
2017-20892,1582,Sum,2015-2016
2017-20765,238,1st,2017-2018
2017-20617,1968,2nd,2017-2018
2017-20297,1381,Sum,2015-2016
2017-20714,1686,2nd,2015-2016
2017-20890,454,2nd,2015-2016
2017-20981,1670,2nd,2016-2017
2017-20478,1609,2nd,2016-2017
2017-20175,399,2nd,2015-2016
2017-20333,657,1st,2016-2017
2017-20198,1328,2nd,2015-2016
2017-20929,1018,Sum,2015-2016
2017-20347,1936,1st,2015-2016
2017-20551,27,1st,2017-2018
2017-20074,461,Sum,2015-2016
2017-20412,159,1st,2016-2017
2017-20124,1538,Sum,2017-2018
2017-20496,1082,2nd,2016-2017
2017-20462,757,1st,2015-2016
2017-20440,91,2nd,2017-2018
2017-20410,1427,Sum,2015-2016
2017-20998,1203,1st,2017-2018
2017-20820,1466,2nd,2014-2015
2017-20727,593,Sum,2016-2017
2017-20657,479,Sum,2014-2015
2017-20422,1022,1st,2017-2018
2017-20145,1246,1st,2017-2018
2017-20317,983,1st,2015-2016
2017-20108,633,1st,2015-2016
2017-20109,1785,1st,2014-2015
2017-20859,1414,Sum,2015-2016
2017-20049,1912,2nd,2014-2015
2017-20081,1382,2nd,2016-2017
2017-20067,1167,Sum,2015-2016
2017-20228,1343,1st,2014-2015
2017-20119,1399,2nd,2016-2017
2017-20999,218,2nd,2015-2016
2017-20786,587,Sum,2017-2018
2017-20613,420,2nd,2017-2018
2017-20976,524,Sum,2015-2016
2017-20398,1140,2nd,2017-2018
2017-20423,1047,1st,2016-2017
2017-20965,186,2nd,2014-2015
2017-20156,77,2nd,2015-2016
2017-20076,1958,1st,2015-2016
2017-20532,1800,Sum,2014-2015
2017-20373,1230,1st,2017-2018
2017-20584,488,2nd,2015-2016
2017-20428,1297,1st,2016-2017
2017-20445,1558,Sum,2016-2017
2017-20999,889,1st,2014-2015
2017-20829,705,2nd,2017-2018
2017-20632,1996,1st,2016-2017
2017-20306,443,2nd,2015-2016
2017-20771,434,Sum,2014-2015
2017-20914,302,1st,2017-2018
2017-20261,1316,Sum,2017-2018
2017-20880,1766,2nd,2014-2015
2017-20001,452,1st,2015-2016
2017-20289,1324,1st,2016-2017
2017-20616,1897,1st,2015-2016
2017-20171,129,Sum,2017-2018
2017-20859,1584,2nd,2014-2015
2017-20210,1309,Sum,2016-2017
2017-20193,24,1st,2016-2017
2017-20240,1411,1st,2016-2017
2017-20469,1247,2nd,2015-2016
2017-20455,1772,2nd,2015-2016
2017-20112,74,Sum,2015-2016
2017-20961,1839,2nd,2017-2018
2017-20427,1873,2nd,2017-2018
2017-20511,1105,Sum,2017-2018
2017-20945,1037,Sum,2017-2018
2017-20969,1111,1st,2017-2018
2017-20639,1955,1st,2017-2018
2017-20378,1887,Sum,2017-2018
2017-20203,1676,Sum,2015-2016
2017-20694,1293,Sum,2016-2017
2017-20714,765,1st,2017-2018
2017-20358,815,1st,2016-2017
2017-20321,982,Sum,2014-2015
2017-20487,1408,2nd,2017-2018
2017-20118,795,Sum,2017-2018
2017-20178,1703,Sum,2016-2017
2017-20266,127,1st,2015-2016
2017-20404,1347,2nd,2017-2018
2017-20015,1250,Sum,2017-2018
2017-20086,938,2nd,2016-2017
2017-20750,1416,Sum,2016-2017
2017-20548,1170,2nd,2015-2016
2017-20098,1091,2nd,2017-2018
2017-20155,238,2nd,2015-2016
2017-20690,547,2nd,2014-2015
2017-20206,1207,2nd,2016-2017
2017-20862,157,Sum,2014-2015
2017-20358,561,2nd,2015-2016
2017-20970,1886,1st,2016-2017
2017-20977,514,Sum,2014-2015
2017-20735,31,1st,2014-2015
2017-20669,525,2nd,2015-2016
2017-20772,1195,2nd,2017-2018
2017-20493,1104,Sum,2014-2015
2017-20577,593,Sum,2015-2016
2017-20334,1400,Sum,2015-2016
2017-20042,1675,2nd,2015-2016
2017-20307,1217,Sum,2015-2016
2017-20234,722,2nd,2014-2015
2017-20653,1808,2nd,2015-2016
2017-20453,928,Sum,2016-2017
2017-20602,1262,Sum,2015-2016
2017-20443,379,Sum,2014-2015
2017-20014,435,1st,2017-2018
2017-20791,1011,2nd,2015-2016
2017-20434,1106,1st,2016-2017
2017-20869,1460,2nd,2016-2017
2017-20269,1555,2nd,2017-2018
2017-20704,1828,Sum,2015-2016
2017-20451,1841,1st,2015-2016
2017-20779,601,Sum,2014-2015
2017-20112,1451,1st,2014-2015
2017-20015,588,Sum,2015-2016
2017-20725,136,2nd,2016-2017
2017-20223,1371,1st,2014-2015
2017-20666,1887,Sum,2017-2018
2017-20748,183,Sum,2014-2015
2017-20596,132,Sum,2015-2016
2017-20910,681,Sum,2015-2016
2017-20345,976,2nd,2016-2017
2017-20382,646,2nd,2014-2015
2017-20498,1305,Sum,2016-2017
2017-20963,1687,2nd,2016-2017
2017-20327,1152,1st,2014-2015
2017-20033,1601,2nd,2017-2018
2017-20267,1127,Sum,2014-2015
2017-20651,489,2nd,2014-2015
2017-20838,1842,Sum,2015-2016
2017-20788,1867,1st,2016-2017
2017-20771,1082,1st,2017-2018
2017-20934,1775,1st,2017-2018
2017-20910,1489,1st,2015-2016
2017-20971,622,1st,2014-2015
2017-20286,180,Sum,2016-2017
2017-20058,841,2nd,2016-2017
2017-20677,1007,Sum,2016-2017
2017-20319,90,Sum,2015-2016
2017-20218,165,Sum,2016-2017
2017-20362,1787,Sum,2015-2016
2017-20964,791,Sum,2014-2015
2017-20710,622,2nd,2017-2018
2017-20023,1344,1st,2015-2016
2017-20791,109,Sum,2016-2017
2017-20985,1475,Sum,2017-2018
2017-20005,1952,Sum,2015-2016
2017-20595,378,Sum,2015-2016
2017-20573,1347,Sum,2017-2018
2017-20601,1662,1st,2016-2017
2017-20893,790,2nd,2016-2017
2017-20482,365,1st,2017-2018
2017-20489,1506,1st,2015-2016
2017-20763,1953,Sum,2015-2016
2017-20011,1622,1st,2015-2016
2017-20044,1356,1st,2015-2016
2017-20624,1298,2nd,2016-2017
2017-20989,1314,2nd,2014-2015
2017-20620,158,2nd,2016-2017
2017-20838,1307,2nd,2014-2015
2017-20870,293,Sum,2016-2017
2017-20985,532,Sum,2015-2016
2017-20505,1936,Sum,2017-2018
2017-20335,1047,2nd,2015-2016
2017-20767,990,Sum,2015-2016
2017-20143,323,2nd,2015-2016
2017-20973,365,2nd,2017-2018
2017-20931,1833,1st,2016-2017
2017-20553,1661,2nd,2015-2016
2017-20265,1674,2nd,2014-2015
2017-20657,129,1st,2015-2016
2017-20370,169,Sum,2014-2015
2017-20403,1806,Sum,2017-2018
2017-20374,1616,Sum,2014-2015
2017-20709,1809,2nd,2017-2018
2017-20514,300,1st,2015-2016
2017-20282,728,2nd,2017-2018
2017-20093,1160,1st,2017-2018
2017-20794,1236,1st,2017-2018
2017-20126,1407,1st,2017-2018
2017-20726,23,2nd,2017-2018
2017-20277,1868,Sum,2017-2018
2017-20854,74,2nd,2014-2015
2017-20353,1519,1st,2016-2017
2017-20318,161,Sum,2015-2016
2017-20997,200,2nd,2017-2018
2017-20487,1984,1st,2016-2017
2017-20435,94,1st,2014-2015
2017-20969,1914,2nd,2016-2017
2017-20977,1646,Sum,2015-2016
2017-20897,1892,Sum,2015-2016
2017-20965,964,1st,2016-2017
2017-20442,1836,Sum,2015-2016
2017-20664,1579,1st,2014-2015
2017-20536,1072,1st,2017-2018
2017-20752,601,Sum,2015-2016
2017-20709,279,1st,2016-2017
2017-20622,1719,Sum,2015-2016
2017-20567,1448,2nd,2016-2017
2017-20169,392,Sum,2015-2016
2017-20460,940,2nd,2014-2015
2017-20211,1921,1st,2016-2017
2017-20549,545,1st,2017-2018
2017-20759,1732,2nd,2014-2015
2017-20858,34,1st,2015-2016
2017-20629,910,1st,2016-2017
2017-20991,1705,2nd,2015-2016
2017-20966,1520,1st,2014-2015
2017-20349,629,2nd,2015-2016
2017-20600,639,1st,2017-2018
2017-20934,1961,2nd,2016-2017
2017-20900,425,2nd,2017-2018
2017-20377,101,1st,2017-2018
2017-20808,25,1st,2014-2015
2017-20860,135,1st,2017-2018
2017-20978,824,2nd,2016-2017
2017-20477,1715,1st,2015-2016
2017-20689,466,2nd,2015-2016
2017-20947,1323,1st,2015-2016
2017-20700,1436,Sum,2017-2018
2017-20808,1906,1st,2017-2018
2017-20576,110,2nd,2014-2015
2017-20555,1027,Sum,2014-2015
2017-20322,142,Sum,2015-2016
2017-20844,1762,Sum,2016-2017
2017-20458,205,2nd,2014-2015
2017-20192,1018,2nd,2014-2015
2017-20734,815,1st,2015-2016
2017-20384,1562,1st,2015-2016
2017-20951,1624,1st,2014-2015
2017-20055,433,2nd,2015-2016
2017-20527,1568,1st,2016-2017
2017-20575,1598,1st,2015-2016
2017-20269,1230,Sum,2016-2017
2017-20493,953,2nd,2016-2017
2017-20933,1843,2nd,2015-2016
2017-20671,1313,2nd,2015-2016
2017-20823,1126,2nd,2017-2018
2017-20668,108,1st,2017-2018
2017-20751,1645,Sum,2014-2015
2017-20714,358,Sum,2016-2017
2017-20640,748,Sum,2014-2015
2017-20147,1543,2nd,2015-2016
2017-20812,110,2nd,2014-2015
2017-20336,561,2nd,2014-2015
2017-20488,981,1st,2014-2015
2017-20532,741,1st,2017-2018
2017-20685,1986,1st,2014-2015
2017-20312,1147,1st,2017-2018
2017-20140,1010,1st,2014-2015
2017-20783,1302,2nd,2015-2016
2017-20830,197,2nd,2017-2018
2017-20818,696,1st,2015-2016
2017-20856,1562,1st,2014-2015
2017-20256,979,Sum,2017-2018
2017-20426,1212,1st,2015-2016
2017-20309,1941,2nd,2017-2018
2017-20613,264,2nd,2016-2017
2017-20146,556,2nd,2015-2016
2017-20225,1346,1st,2015-2016
2017-20148,1233,2nd,2017-2018
2017-20707,209,1st,2015-2016
2017-20546,1243,Sum,2017-2018
2017-20588,1805,Sum,2016-2017
2017-20082,1825,2nd,2017-2018
2017-20693,83,Sum,2014-2015
2017-20147,415,1st,2015-2016
2017-20766,154,2nd,2015-2016
2017-20255,343,1st,2016-2017
2017-20412,973,Sum,2017-2018
2017-20786,1154,2nd,2017-2018
2017-20302,1478,1st,2014-2015
2017-20240,1185,Sum,2014-2015
2017-20318,697,1st,2016-2017
2017-20724,1590,Sum,2017-2018
2017-20239,1834,Sum,2016-2017
2017-20087,1415,2nd,2017-2018
2017-20947,1431,Sum,2016-2017
2017-20672,1001,2nd,2014-2015
2017-20630,231,Sum,2017-2018
2017-20976,956,Sum,2014-2015
2017-20065,325,2nd,2016-2017
2017-20805,826,1st,2015-2016
2017-20242,643,Sum,2016-2017
2017-20970,1070,2nd,2015-2016
2017-20624,1851,Sum,2015-2016
2017-20220,1275,Sum,2014-2015
2017-20802,750,2nd,2016-2017
2017-20746,1326,2nd,2016-2017
2017-20088,774,1st,2015-2016
2017-20473,83,1st,2016-2017
2017-20712,1163,1st,2017-2018
2017-20809,684,1st,2017-2018
2017-20044,199,2nd,2015-2016
2017-20101,1873,Sum,2017-2018
2017-20548,966,Sum,2015-2016
2017-20288,979,1st,2014-2015
2017-20933,1881,Sum,2014-2015
2017-20812,1377,1st,2014-2015
2017-20732,1938,Sum,2014-2015
2017-20724,1012,Sum,2017-2018
2017-20633,1326,Sum,2015-2016
2017-20170,1449,1st,2014-2015
2017-20468,1016,2nd,2014-2015
2017-20170,1476,Sum,2015-2016
2017-20269,1871,1st,2017-2018
2017-20884,212,Sum,2016-2017
2017-20352,1014,1st,2014-2015
2017-20809,1022,2nd,2014-2015
2017-20961,242,2nd,2014-2015
2017-20216,84,1st,2014-2015
2017-20092,1875,2nd,2015-2016
2017-20128,997,2nd,2016-2017
2017-20066,815,1st,2016-2017
2017-20156,1553,Sum,2016-2017
2017-20501,1550,1st,2017-2018
2017-20294,396,Sum,2014-2015
2017-20771,1632,1st,2014-2015
2017-20859,1590,1st,2016-2017
2017-20242,1438,1st,2014-2015
2017-20137,1879,Sum,2017-2018
2017-20433,443,1st,2014-2015
2017-20301,1013,Sum,2015-2016
2017-20325,1729,1st,2017-2018
2017-20162,301,1st,2017-2018
2017-20551,693,1st,2015-2016
2017-20878,957,1st,2017-2018
2017-20904,1409,Sum,2014-2015
2017-20751,1303,Sum,2014-2015
2017-20664,1756,1st,2016-2017
2017-20744,781,2nd,2014-2015
2017-20651,1275,Sum,2014-2015
2017-20107,1541,2nd,2014-2015
2017-20770,1129,2nd,2016-2017
2017-20341,40,2nd,2015-2016
2017-20141,1673,Sum,2015-2016
2017-20347,1725,Sum,2015-2016
2017-20199,1293,Sum,2015-2016
2017-20487,1973,Sum,2014-2015
2017-20611,884,2nd,2016-2017
2017-20284,139,2nd,2015-2016
2017-20089,1974,Sum,2014-2015
2017-20980,1671,2nd,2017-2018
2017-20613,883,1st,2016-2017
2017-20368,1049,2nd,2017-2018
2017-20200,1495,1st,2017-2018
2017-20358,405,1st,2017-2018
2017-20251,983,1st,2014-2015
2017-20392,364,1st,2014-2015
2017-20126,1338,2nd,2015-2016
2017-20134,1679,1st,2016-2017
2017-20297,1107,1st,2017-2018
2017-20113,386,Sum,2015-2016
2017-20140,859,1st,2016-2017
2017-20413,1226,1st,2017-2018
2017-20093,274,1st,2015-2016
2017-20483,708,2nd,2015-2016
2017-20189,1515,Sum,2015-2016
2017-20465,1327,Sum,2016-2017
2017-20245,1692,2nd,2016-2017
2017-20654,1422,2nd,2015-2016
2017-20779,201,Sum,2015-2016
2017-20032,430,Sum,2017-2018
2017-20730,1989,Sum,2014-2015
2017-20389,607,1st,2014-2015
2017-20696,1378,Sum,2015-2016
2017-20181,50,Sum,2015-2016
2017-20456,1951,1st,2015-2016
2017-20571,1671,Sum,2015-2016
2017-20689,1072,2nd,2015-2016
2017-20951,1428,1st,2016-2017
2017-20009,196,1st,2017-2018
2017-20470,783,1st,2015-2016
2017-20304,387,2nd,2017-2018
2017-20670,1206,2nd,2014-2015
2017-20472,1692,2nd,2015-2016
2017-20884,365,Sum,2015-2016
2017-20716,364,2nd,2017-2018
2017-20913,1841,2nd,2017-2018
2017-20262,1569,2nd,2016-2017
2017-20622,1219,Sum,2017-2018
2017-20951,954,1st,2014-2015
2017-20997,1604,Sum,2016-2017
2017-20479,332,2nd,2017-2018
2017-20510,152,Sum,2017-2018
2017-20897,1167,2nd,2017-2018
2017-20379,806,1st,2017-2018
2017-20251,1371,1st,2014-2015
2017-20421,1340,Sum,2016-2017
2017-20449,1864,2nd,2015-2016
2017-20608,1877,1st,2014-2015
2017-20102,1127,1st,2016-2017
2017-20556,1137,1st,2014-2015
2017-20451,1132,Sum,2015-2016
2017-20215,1154,Sum,2016-2017
2017-20493,879,2nd,2017-2018
2017-20538,639,2nd,2015-2016
2017-20298,959,1st,2015-2016
2017-20943,1212,Sum,2017-2018
2017-20403,1748,2nd,2017-2018
2017-20158,130,2nd,2017-2018
2017-20622,565,1st,2014-2015
2017-20430,565,2nd,2016-2017
2017-20730,414,1st,2014-2015
2017-20098,1065,2nd,2014-2015
2017-20846,636,Sum,2015-2016
2017-20576,199,Sum,2017-2018
2017-20126,648,2nd,2017-2018
2017-20357,1825,1st,2015-2016
2017-20315,1551,1st,2014-2015
2017-20349,7,1st,2016-2017
2017-20122,1426,Sum,2015-2016
2017-20560,1489,1st,2014-2015
2017-20102,1136,2nd,2017-2018
2017-20255,678,1st,2017-2018
2017-20274,1450,1st,2015-2016
2017-20741,53,Sum,2016-2017
2017-20015,895,1st,2016-2017
2017-20646,583,1st,2016-2017
2017-20891,124,1st,2016-2017
2017-20899,1015,2nd,2017-2018
2017-20558,1945,Sum,2017-2018
2017-20104,1908,2nd,2014-2015
2017-20351,987,1st,2015-2016
2017-20319,1482,Sum,2014-2015
2017-20585,1661,2nd,2016-2017
2017-20041,1137,2nd,2014-2015
2017-20187,168,2nd,2015-2016
2017-20559,772,1st,2016-2017
2017-20348,72,Sum,2016-2017
2017-20709,915,1st,2016-2017
2017-20042,1246,Sum,2017-2018
2017-20179,932,Sum,2014-2015
2017-20885,1163,2nd,2017-2018
2017-20752,1065,Sum,2017-2018
2017-20391,1215,2nd,2015-2016
2017-20729,954,Sum,2017-2018
2017-20554,500,1st,2016-2017
2017-20289,1322,2nd,2017-2018
2017-20304,1455,1st,2017-2018
2017-20749,243,Sum,2017-2018
2017-20497,1402,1st,2016-2017
2017-20120,142,Sum,2015-2016
2017-20573,231,Sum,2016-2017
2017-20968,1224,1st,2015-2016
2017-20506,1979,1st,2015-2016
2017-20511,1783,Sum,2014-2015
2017-20564,478,1st,2015-2016
2017-20744,1906,1st,2014-2015
2017-20139,12,Sum,2014-2015
2017-20229,1404,2nd,2017-2018
2017-20041,396,1st,2015-2016
2017-20592,856,Sum,2016-2017
2017-20225,1788,Sum,2014-2015
2017-20930,265,1st,2015-2016
2017-20310,445,1st,2014-2015
2017-20891,743,2nd,2016-2017
2017-20963,661,1st,2014-2015
2017-20944,1250,Sum,2016-2017
2017-20155,571,2nd,2017-2018
2017-20395,463,Sum,2015-2016
2017-20683,201,2nd,2016-2017
2017-20810,282,2nd,2015-2016
2017-20185,693,Sum,2016-2017
2017-20742,1103,1st,2014-2015
2017-20856,1977,1st,2016-2017
2017-20150,1327,1st,2015-2016
2017-20165,1389,1st,2014-2015
2017-20451,943,2nd,2017-2018
2017-20616,1244,2nd,2017-2018
2017-20453,1143,Sum,2014-2015
2017-20307,1156,2nd,2015-2016
2017-20216,926,1st,2015-2016
2017-20822,154,2nd,2014-2015
2017-20434,1931,Sum,2016-2017
2017-20402,1438,1st,2017-2018
2017-20917,1340,Sum,2015-2016
2017-20671,1222,2nd,2016-2017
2017-20662,1314,Sum,2016-2017
2017-20239,1457,Sum,2015-2016
2017-20424,1110,1st,2017-2018
2017-20251,1372,Sum,2014-2015
2017-20741,705,1st,2014-2015
2017-20228,1148,2nd,2015-2016
2017-20055,167,1st,2015-2016
2017-20122,5,Sum,2017-2018
2017-20501,793,1st,2017-2018
2017-20683,782,1st,2017-2018
2017-20975,1968,2nd,2014-2015
2017-20624,1714,2nd,2016-2017
2017-20295,1309,Sum,2016-2017
2017-20728,1173,1st,2016-2017
2017-20233,749,1st,2017-2018
2017-20749,593,2nd,2016-2017
2017-20006,891,1st,2015-2016
2017-20648,742,1st,2016-2017
2017-20243,1173,1st,2017-2018
2017-20647,957,2nd,2014-2015
2017-20582,1652,Sum,2014-2015
2017-20523,1498,1st,2016-2017
2017-20714,1151,1st,2015-2016
2017-20324,1912,Sum,2014-2015
2017-20361,1717,Sum,2015-2016
2017-20994,818,2nd,2014-2015
2017-20851,1587,1st,2016-2017
2017-20117,1688,2nd,2015-2016
2017-20850,402,Sum,2016-2017
2017-20452,1136,1st,2014-2015
2017-20714,479,2nd,2016-2017
2017-20912,560,1st,2016-2017
2017-20031,382,Sum,2015-2016
2017-20131,1418,Sum,2017-2018
2017-20889,756,Sum,2014-2015
2017-20351,1527,Sum,2016-2017
2017-20484,1037,Sum,2017-2018
2017-20164,611,2nd,2014-2015
2017-20698,301,Sum,2017-2018
2017-20164,862,1st,2014-2015
2017-20943,185,Sum,2017-2018
2017-20925,1267,1st,2014-2015
2017-20739,1226,1st,2016-2017
2017-20443,862,2nd,2015-2016
2017-20701,1902,1st,2016-2017
2017-20581,1962,Sum,2014-2015
2017-20851,1623,Sum,2014-2015
2017-20386,1638,Sum,2015-2016
2017-20333,1441,2nd,2016-2017
2017-20705,1784,Sum,2016-2017
2017-20186,1064,2nd,2015-2016
2017-20452,59,1st,2017-2018
2017-20432,1471,Sum,2015-2016
2017-20288,1318,2nd,2015-2016
2017-20457,1649,1st,2016-2017
2017-20903,1304,1st,2014-2015
2017-20311,23,2nd,2014-2015
2017-20345,1864,1st,2016-2017
2017-20891,1688,2nd,2016-2017
2017-20098,1440,1st,2017-2018
2017-20362,89,Sum,2014-2015
2017-20559,594,Sum,2014-2015
2017-20173,249,1st,2017-2018
2017-20575,1416,2nd,2017-2018
2017-20443,1433,2nd,2015-2016
2017-20740,977,Sum,2016-2017
2017-20887,271,Sum,2017-2018
2017-20216,1566,1st,2016-2017
2017-20727,1751,Sum,2015-2016
2017-20684,31,2nd,2016-2017
2017-20413,1696,1st,2016-2017
2017-20232,97,Sum,2017-2018
2017-20316,1073,2nd,2014-2015
2017-20557,621,Sum,2016-2017
2017-20682,240,Sum,2016-2017
2017-20887,546,1st,2017-2018
2017-20364,1978,1st,2017-2018
2017-20408,305,2nd,2014-2015
2017-20802,1996,2nd,2015-2016
2017-20959,1874,1st,2016-2017
2017-20497,1720,1st,2014-2015
2017-20752,1845,1st,2014-2015
2017-20097,1446,Sum,2014-2015
2017-20354,323,2nd,2017-2018
2017-20959,224,Sum,2017-2018
2017-20309,391,1st,2015-2016
2017-20238,1531,Sum,2017-2018
2017-20712,17,Sum,2017-2018
2017-20855,1238,Sum,2017-2018
2017-20226,338,1st,2014-2015
2017-20998,1125,Sum,2014-2015
2017-20742,1569,Sum,2017-2018
2017-20460,1033,1st,2015-2016
2017-20205,470,2nd,2015-2016
2017-20541,1826,2nd,2014-2015
2017-20299,1662,Sum,2014-2015
2017-20221,1801,1st,2016-2017
2017-20916,1730,Sum,2015-2016
2017-20366,365,1st,2015-2016
2017-20441,554,Sum,2017-2018
2017-20616,728,1st,2014-2015
2017-20732,734,Sum,2017-2018
2017-20226,411,1st,2017-2018
2017-20171,579,1st,2017-2018
2017-20093,575,Sum,2016-2017
2017-20264,1770,Sum,2015-2016
2017-20863,1782,1st,2017-2018
2017-20877,1363,Sum,2014-2015
2017-20994,125,Sum,2015-2016
2017-20016,1066,Sum,2015-2016
2017-20016,1517,Sum,2016-2017
2017-20524,1729,2nd,2017-2018
2017-20642,1750,Sum,2015-2016
2017-20818,254,1st,2017-2018
2017-20240,188,2nd,2014-2015
2017-20313,1768,Sum,2014-2015
2017-20132,1954,1st,2015-2016
2017-20432,1551,1st,2014-2015
2017-20029,1295,1st,2014-2015
2017-20582,1129,2nd,2014-2015
2017-20958,190,Sum,2014-2015
2017-20222,1901,Sum,2017-2018
2017-20579,803,Sum,2015-2016
2017-20418,75,1st,2014-2015
2017-20107,1250,1st,2017-2018
2017-20837,1562,1st,2016-2017
2017-20503,109,Sum,2016-2017
2017-20882,231,2nd,2017-2018
2017-20268,1035,2nd,2016-2017
2017-20165,748,2nd,2015-2016
2017-20071,1968,2nd,2015-2016
2017-20993,590,1st,2015-2016
2017-20952,1513,2nd,2016-2017
2017-20327,1258,1st,2017-2018
2017-20650,622,Sum,2016-2017
2017-20173,297,2nd,2016-2017
2017-20292,1198,Sum,2017-2018
2017-20012,664,Sum,2017-2018
2017-20270,52,1st,2016-2017
2017-20240,1589,2nd,2015-2016
2017-20592,254,1st,2016-2017
2017-20559,672,Sum,2016-2017
2017-20344,596,2nd,2016-2017
2017-20663,1930,2nd,2016-2017
2017-20411,704,2nd,2015-2016
2017-20839,423,2nd,2014-2015
2017-20497,1431,1st,2014-2015
2017-20333,675,2nd,2016-2017
2017-20091,718,2nd,2014-2015
2017-20932,1836,2nd,2015-2016
2017-20623,868,2nd,2017-2018
2017-20782,281,1st,2016-2017
2017-20029,403,2nd,2014-2015
2017-20039,1547,1st,2017-2018
2017-20878,763,2nd,2014-2015
2017-20236,743,1st,2014-2015
2017-20590,1099,1st,2017-2018
2017-20604,971,Sum,2014-2015
2017-20947,545,2nd,2014-2015
2017-20469,705,2nd,2014-2015
2017-20295,1836,2nd,2015-2016
2017-20193,110,2nd,2017-2018
2017-20117,1508,1st,2015-2016
2017-20282,1608,2nd,2015-2016
2017-20386,1463,1st,2015-2016
2017-20095,1259,2nd,2014-2015
2017-20987,1687,Sum,2016-2017
2017-20632,111,2nd,2014-2015
2017-20541,870,1st,2017-2018
2017-20470,1676,Sum,2014-2015
2017-20619,656,Sum,2016-2017
2017-20616,529,2nd,2014-2015
2017-20010,1652,1st,2014-2015
2017-20627,1579,2nd,2015-2016
2017-20681,164,Sum,2017-2018
2017-20016,1279,1st,2014-2015
2017-20186,1417,Sum,2015-2016
2017-20487,1982,1st,2017-2018
2017-20808,182,Sum,2016-2017
2017-20542,1100,Sum,2017-2018
2017-20635,1466,2nd,2015-2016
2017-20155,1993,Sum,2014-2015
2017-20029,272,1st,2014-2015
2017-20067,658,2nd,2017-2018
2017-20386,1029,1st,2015-2016
2017-20926,818,1st,2016-2017
2017-20949,1184,2nd,2015-2016
2017-20655,1286,2nd,2014-2015
2017-20089,163,2nd,2014-2015
2017-20657,636,2nd,2014-2015
2017-20581,1050,Sum,2015-2016
2017-20448,1595,1st,2014-2015
2017-20015,1275,1st,2014-2015
2017-20350,945,1st,2017-2018
2017-20213,541,2nd,2017-2018
2017-20131,1884,1st,2014-2015
2017-20580,459,Sum,2014-2015
2017-20527,1921,2nd,2015-2016
2017-20340,150,Sum,2014-2015
2017-20074,1084,2nd,2014-2015
2017-20388,1268,1st,2015-2016
2017-20784,628,1st,2016-2017
2017-20565,57,2nd,2015-2016
2017-20460,1013,1st,2014-2015
2017-20044,1746,2nd,2015-2016
2017-20049,1256,2nd,2014-2015
2017-20202,1772,2nd,2014-2015
2017-20266,946,1st,2016-2017
2017-20103,559,2nd,2014-2015
2017-20308,405,2nd,2016-2017
2017-20356,724,1st,2017-2018
2017-20013,1611,1st,2016-2017
2017-20567,674,Sum,2014-2015
2017-20555,899,Sum,2016-2017
2017-20619,1428,Sum,2016-2017
2017-20805,1805,Sum,2014-2015
2017-20101,808,2nd,2016-2017
2017-20344,761,Sum,2017-2018
2017-20272,720,1st,2014-2015
2017-20083,490,Sum,2016-2017
2017-20641,1767,Sum,2015-2016
2017-20991,901,Sum,2016-2017
2017-20202,836,2nd,2016-2017
2017-20236,1748,Sum,2014-2015
2017-20345,1318,2nd,2017-2018
2017-20855,1583,Sum,2017-2018
2017-20321,1017,2nd,2017-2018
2017-20637,1703,1st,2014-2015
2017-20611,814,1st,2015-2016
2017-20793,1586,1st,2015-2016
2017-20242,915,1st,2017-2018
2017-20033,766,2nd,2016-2017
2017-20102,1995,Sum,2014-2015
2017-20060,207,2nd,2017-2018
2017-20888,1284,Sum,2017-2018
2017-20850,1709,1st,2016-2017
2017-20389,1113,2nd,2016-2017
2017-20625,389,Sum,2017-2018
2017-20400,1138,1st,2016-2017
2017-20318,907,1st,2014-2015
2017-20827,1074,Sum,2014-2015
2017-20797,354,Sum,2015-2016
2017-20730,400,1st,2016-2017
2017-20448,1480,Sum,2015-2016
2017-20159,15,1st,2017-2018
2017-20689,986,2nd,2017-2018
2017-20036,1690,1st,2016-2017
2017-20588,842,Sum,2014-2015
2017-20724,1243,Sum,2015-2016
2017-20986,1419,2nd,2014-2015
2017-20822,1477,2nd,2017-2018
2017-20729,1617,1st,2017-2018
2017-20863,782,2nd,2017-2018
2017-20934,118,2nd,2017-2018
2017-20650,835,2nd,2015-2016
2017-20415,950,Sum,2014-2015
2017-20610,841,2nd,2016-2017
2017-20672,1548,1st,2017-2018
2017-20668,1296,2nd,2015-2016
2017-20753,679,Sum,2015-2016
2017-20544,1257,2nd,2017-2018
2017-20137,1714,1st,2017-2018
2017-20204,1915,Sum,2015-2016
2017-20966,1021,2nd,2016-2017
2017-20963,984,Sum,2015-2016
2017-20610,476,Sum,2016-2017
2017-20920,1363,2nd,2016-2017
2017-20754,1766,1st,2017-2018
2017-20245,987,Sum,2015-2016
2017-20630,745,1st,2015-2016
2017-20098,1203,1st,2017-2018
2017-20110,1830,1st,2014-2015
2017-20472,465,2nd,2016-2017
2017-20735,1783,Sum,2014-2015
2017-20955,436,Sum,2015-2016
2017-20469,634,1st,2014-2015
2017-20464,1332,1st,2014-2015
2017-20189,1185,2nd,2017-2018
2017-20566,1876,Sum,2016-2017
2017-20379,1165,1st,2015-2016
2017-20559,1186,1st,2014-2015
2017-20435,1435,Sum,2015-2016
2017-20914,1561,1st,2015-2016
2017-20395,636,Sum,2016-2017
2017-20393,1624,1st,2014-2015
2017-20072,1611,Sum,2017-2018
2017-20621,178,Sum,2014-2015
2017-20136,1108,2nd,2014-2015
2017-20397,526,1st,2016-2017
2017-20247,1408,1st,2017-2018
2017-20800,1703,1st,2014-2015
2017-20922,1491,Sum,2017-2018
2017-20311,453,1st,2015-2016
2017-20781,1742,2nd,2016-2017
2017-20792,1387,2nd,2015-2016
2017-20480,101,1st,2014-2015
2017-20315,898,1st,2014-2015
2017-20467,1415,2nd,2014-2015
2017-20574,1882,1st,2015-2016
2017-20250,341,1st,2015-2016
2017-20234,860,Sum,2017-2018
2017-20405,1960,2nd,2015-2016
2017-20922,1124,1st,2014-2015
2017-20661,954,1st,2014-2015
2017-20348,1227,Sum,2016-2017
2017-20192,1201,Sum,2016-2017
2017-20937,1613,2nd,2017-2018
2017-20568,242,1st,2016-2017
2017-20029,1520,1st,2017-2018
2017-20123,2000,Sum,2014-2015
2017-20327,1857,Sum,2014-2015
2017-20440,1869,1st,2016-2017
2017-20228,1240,2nd,2014-2015
2017-20940,28,2nd,2017-2018
2017-20920,1347,2nd,2016-2017
2017-20412,136,1st,2014-2015
2017-20634,324,2nd,2017-2018
2017-20212,1769,1st,2015-2016
2017-20185,1868,1st,2017-2018
2017-20458,773,2nd,2014-2015
2017-20310,1964,Sum,2015-2016
2017-20625,154,Sum,2016-2017
2017-20957,400,Sum,2016-2017
2017-20483,693,2nd,2017-2018
2017-20998,883,2nd,2016-2017
2017-20228,1835,2nd,2016-2017
2017-20182,917,1st,2014-2015
2017-20443,305,2nd,2016-2017
2017-20424,479,1st,2017-2018
2017-20323,165,1st,2015-2016
2017-20034,1245,2nd,2014-2015
2017-20104,706,2nd,2014-2015
2017-20602,1296,1st,2015-2016
2017-20859,1511,2nd,2015-2016
2017-20657,910,2nd,2014-2015
2017-20561,1570,1st,2015-2016
2017-20434,601,Sum,2015-2016
2017-20196,407,Sum,2014-2015
2017-20915,848,Sum,2017-2018
2017-20448,873,1st,2014-2015
2017-20726,615,1st,2014-2015
2017-20874,761,Sum,2017-2018
2017-20598,247,2nd,2014-2015
2017-20655,929,1st,2017-2018
2017-20463,390,2nd,2017-2018
2017-20885,751,2nd,2017-2018
2017-20842,1395,1st,2017-2018
2017-20235,1499,Sum,2017-2018
2017-20566,704,1st,2015-2016
2017-20779,985,Sum,2017-2018
2017-20488,1661,Sum,2016-2017
2017-20503,769,2nd,2014-2015
2017-20103,939,Sum,2014-2015
2017-20882,805,Sum,2014-2015
2017-20536,1896,2nd,2017-2018
2017-20037,1429,Sum,2016-2017
2017-20380,274,1st,2017-2018
2017-20309,1987,Sum,2017-2018
2017-20378,1995,1st,2014-2015
2017-20009,1577,1st,2017-2018
2017-20089,1970,Sum,2016-2017
2017-20008,76,2nd,2016-2017
2017-20613,256,2nd,2016-2017
2017-20205,1331,Sum,2015-2016
2017-20904,1635,Sum,2015-2016
2017-20100,1338,Sum,2014-2015
2017-20712,789,Sum,2015-2016
2017-20319,373,2nd,2017-2018
2017-20020,788,1st,2014-2015
2017-20028,1380,Sum,2014-2015
2017-20975,404,Sum,2016-2017
2017-20131,39,1st,2014-2015
2017-20469,1501,1st,2017-2018
2017-20741,1,Sum,2017-2018
2017-20316,1417,1st,2014-2015
2017-20060,1595,Sum,2014-2015
2017-20851,1267,Sum,2016-2017
2017-20810,860,1st,2017-2018
2017-20299,1829,Sum,2014-2015
2017-20312,987,1st,2015-2016
2017-20128,677,Sum,2016-2017
2017-20411,727,2nd,2014-2015
2017-20643,28,2nd,2014-2015
2017-20224,1321,Sum,2017-2018
2017-20498,41,Sum,2016-2017
2017-20401,1880,Sum,2017-2018
2017-20408,458,2nd,2015-2016
2017-20273,1869,2nd,2017-2018
2017-20420,3,1st,2014-2015
2017-20709,152,Sum,2016-2017
2017-20842,900,2nd,2015-2016
2017-20799,1660,Sum,2017-2018
2017-20456,875,2nd,2014-2015
2017-20589,1982,2nd,2016-2017
2017-20447,1460,Sum,2016-2017
2017-20851,1403,1st,2017-2018
2017-20854,1695,2nd,2017-2018
2017-20925,1341,2nd,2015-2016
2017-20810,260,2nd,2014-2015
2017-20989,98,1st,2015-2016
2017-20149,948,Sum,2016-2017
2017-20454,547,2nd,2016-2017
2017-20047,926,2nd,2016-2017
2017-20570,1022,2nd,2014-2015
2017-20595,1486,2nd,2016-2017
2017-20999,1788,1st,2016-2017
2017-20775,435,2nd,2016-2017
2017-20709,768,1st,2017-2018
2017-20891,144,1st,2016-2017
2017-20902,1522,1st,2017-2018
2017-20584,1682,Sum,2014-2015
2017-20822,915,1st,2017-2018
2017-20330,1032,Sum,2016-2017
2017-20763,601,1st,2017-2018
2017-20280,838,2nd,2016-2017
2017-20610,1012,1st,2016-2017
2017-20648,775,2nd,2015-2016
2017-20588,188,1st,2017-2018
2017-20860,1220,Sum,2017-2018
2017-20282,1784,2nd,2015-2016
2017-20725,133,2nd,2017-2018
2017-20764,1614,1st,2017-2018
2017-20558,1653,2nd,2016-2017
2017-20567,1488,Sum,2014-2015
2017-20802,748,Sum,2016-2017
2017-20510,1344,2nd,2015-2016
2017-20961,833,1st,2017-2018
2017-20155,963,2nd,2014-2015
2017-20953,467,Sum,2017-2018
2017-20581,1445,Sum,2016-2017
2017-20363,1099,1st,2017-2018
2017-20768,983,Sum,2016-2017
2017-20305,871,1st,2017-2018
2017-20140,261,2nd,2017-2018
2017-20866,1760,1st,2016-2017
2017-20073,1535,2nd,2017-2018
2017-20221,553,1st,2015-2016
2017-20500,1675,1st,2015-2016
2017-20993,334,1st,2014-2015
2017-20962,616,2nd,2014-2015
2017-20123,733,2nd,2015-2016
2017-20713,853,1st,2016-2017
2017-20650,1347,Sum,2014-2015
2017-20410,623,Sum,2017-2018
2017-20150,1716,2nd,2014-2015
2017-20348,1105,Sum,2016-2017
2017-20116,628,2nd,2016-2017
2017-20087,1420,2nd,2016-2017
2017-20333,1578,2nd,2014-2015
2017-20422,139,Sum,2015-2016
2017-20192,1988,Sum,2016-2017
2017-20782,278,Sum,2017-2018
2017-20153,966,2nd,2017-2018
2017-20420,924,2nd,2014-2015
2017-20265,1205,1st,2017-2018
2017-20094,599,2nd,2015-2016
2017-20827,1867,Sum,2016-2017
2017-20478,1551,2nd,2017-2018
2017-20829,1265,2nd,2014-2015
2017-20090,1542,1st,2017-2018
2017-20019,1018,2nd,2017-2018
2017-20660,1758,2nd,2015-2016
2017-20465,525,1st,2015-2016
2017-20646,1193,1st,2017-2018
2017-20658,1361,1st,2016-2017
2017-20926,122,1st,2016-2017
2017-20875,964,1st,2016-2017
2017-20951,4,Sum,2014-2015
2017-20369,1856,1st,2016-2017
2017-20321,1931,1st,2016-2017
2017-20918,1722,1st,2014-2015
2017-20848,1942,2nd,2017-2018
2017-20861,798,Sum,2015-2016
2017-20067,661,1st,2017-2018
2017-20835,524,Sum,2017-2018
2017-20138,87,Sum,2016-2017
2017-20436,79,Sum,2014-2015
2017-20478,1074,1st,2016-2017
2017-20661,1981,1st,2015-2016
2017-20824,973,Sum,2015-2016
2017-20131,275,1st,2017-2018
2017-20516,1908,2nd,2015-2016
2017-20517,41,Sum,2017-2018
2017-20659,877,1st,2017-2018
2017-20905,1650,1st,2017-2018
2017-20188,175,1st,2016-2017
2017-20442,1941,2nd,2015-2016
2017-20336,550,1st,2015-2016
2017-20988,1178,1st,2014-2015
2017-20263,953,1st,2017-2018
2017-20626,1322,2nd,2017-2018
2017-20156,358,2nd,2017-2018
2017-30194,578,1st,2016-2017
2017-30143,1136,1st,2015-2016
2017-30387,746,2nd,2014-2015
2017-30227,64,1st,2017-2018
2017-30629,1042,1st,2017-2018
2017-30441,1470,Sum,2017-2018
2017-30399,49,Sum,2016-2017
2017-30100,1868,1st,2015-2016
2017-30410,1014,1st,2014-2015
2017-30559,267,2nd,2015-2016
2017-30413,90,2nd,2017-2018
2017-30114,1357,Sum,2016-2017
2017-30964,933,1st,2015-2016
2017-30126,984,2nd,2014-2015
2017-30144,653,Sum,2014-2015
2017-30292,667,1st,2017-2018
2017-30245,637,1st,2015-2016
2017-30545,663,1st,2014-2015
2017-30574,1798,2nd,2015-2016
2017-30569,1881,2nd,2014-2015
2017-30936,147,Sum,2017-2018
2017-30259,1605,2nd,2015-2016
2017-30225,1973,Sum,2016-2017
2017-30688,1075,1st,2017-2018
2017-30970,954,1st,2015-2016
2017-30094,1214,1st,2014-2015
2017-30680,1287,1st,2015-2016
2017-30138,1612,Sum,2016-2017
2017-30860,431,Sum,2014-2015
2017-30945,711,Sum,2015-2016
2017-30171,787,1st,2016-2017
2017-30159,379,Sum,2017-2018
2017-30404,1492,2nd,2015-2016
2017-30186,1083,Sum,2015-2016
2017-30880,356,2nd,2016-2017
2017-30488,1034,Sum,2015-2016
2017-30480,1073,2nd,2014-2015
2017-30462,1824,Sum,2017-2018
2017-30147,1672,Sum,2016-2017
2017-30450,321,2nd,2016-2017
2017-30542,843,Sum,2015-2016
2017-30573,1399,Sum,2017-2018
2017-30460,1663,2nd,2015-2016
2017-30989,156,2nd,2016-2017
2017-30853,693,Sum,2014-2015
2017-30517,729,2nd,2016-2017
2017-30726,1450,Sum,2014-2015
2017-30309,812,1st,2016-2017
2017-30337,649,2nd,2016-2017
2017-30748,1042,1st,2017-2018
2017-30860,664,Sum,2016-2017
2017-30209,1971,Sum,2016-2017
2017-30640,857,2nd,2015-2016
2017-30199,82,Sum,2017-2018
2017-30407,744,2nd,2014-2015
2017-30428,1023,Sum,2015-2016
2017-30087,1127,1st,2014-2015
2017-30472,260,2nd,2016-2017
2017-30560,1414,1st,2016-2017
2017-30855,224,Sum,2017-2018
2017-30499,1155,1st,2015-2016
2017-30703,574,2nd,2016-2017
2017-30479,359,2nd,2014-2015
2017-30027,1852,Sum,2017-2018
2017-30606,1483,2nd,2016-2017
2017-30257,979,2nd,2016-2017
2017-30549,956,Sum,2017-2018
2017-30322,1464,Sum,2014-2015
2017-30104,1335,1st,2016-2017
2017-30238,154,2nd,2017-2018
2017-30034,1393,Sum,2015-2016
2017-30239,1788,Sum,2015-2016
2017-30880,717,1st,2016-2017
2017-30339,1098,Sum,2015-2016
2017-30305,690,Sum,2016-2017
2017-30952,1622,Sum,2015-2016
2017-30086,824,2nd,2015-2016
2017-30498,591,2nd,2017-2018
2017-30844,735,2nd,2016-2017
2017-30814,1296,Sum,2017-2018
2017-30753,1135,2nd,2017-2018
2017-30683,1957,2nd,2015-2016
2017-30175,863,2nd,2016-2017
2017-30509,1368,2nd,2015-2016
2017-30576,1780,1st,2014-2015
2017-30609,1499,1st,2017-2018
2017-30483,715,Sum,2015-2016
2017-30287,1480,1st,2017-2018
2017-30788,1129,2nd,2016-2017
2017-30680,462,2nd,2017-2018
2017-30367,1912,2nd,2014-2015
2017-30812,418,1st,2015-2016
2017-30640,1343,Sum,2015-2016
2017-30279,1025,Sum,2016-2017
2017-30057,1984,1st,2016-2017
2017-30651,94,2nd,2014-2015
2017-30947,934,2nd,2016-2017
2017-30102,684,2nd,2016-2017
2017-30632,299,Sum,2017-2018
2017-30900,559,1st,2015-2016
2017-30555,1771,1st,2016-2017
2017-30639,1581,1st,2015-2016
2017-30678,1379,Sum,2016-2017
2017-30090,74,1st,2016-2017
2017-30520,599,Sum,2016-2017
2017-30235,294,Sum,2017-2018
2017-30004,47,2nd,2015-2016
2017-30841,1136,1st,2015-2016
2017-30396,1544,2nd,2017-2018
2017-30092,833,Sum,2016-2017
2017-30539,356,1st,2016-2017
2017-30780,969,Sum,2017-2018
2017-30905,1780,2nd,2017-2018
2017-30325,1150,Sum,2016-2017
2017-30786,116,1st,2016-2017
2017-30924,668,Sum,2015-2016
2017-30501,610,2nd,2014-2015
2017-30168,1296,Sum,2017-2018
2017-30778,361,Sum,2015-2016
2017-30873,571,1st,2016-2017
2017-30403,1934,2nd,2017-2018
2017-30848,560,2nd,2015-2016
2017-30933,1724,2nd,2017-2018
2017-30298,1246,Sum,2014-2015
2017-30169,1515,Sum,2014-2015
2017-30802,655,1st,2017-2018
2017-30006,819,Sum,2017-2018
2017-30742,778,Sum,2015-2016
2017-30578,1093,Sum,2015-2016
2017-30890,1816,1st,2016-2017
2017-30240,1505,1st,2017-2018
2017-30716,473,Sum,2016-2017
2017-30318,977,2nd,2015-2016
2017-30263,1746,1st,2015-2016
2017-30640,16,2nd,2016-2017
2017-30156,451,Sum,2016-2017
2017-30657,1043,Sum,2014-2015
2017-30756,1648,Sum,2015-2016
2017-30455,840,2nd,2014-2015
2017-30924,330,Sum,2014-2015
2017-30220,1724,Sum,2017-2018
2017-30273,1012,Sum,2017-2018
2017-30188,1816,1st,2017-2018
2017-30399,925,2nd,2016-2017
2017-30987,709,1st,2016-2017
2017-30982,1730,2nd,2016-2017
2017-30501,392,Sum,2014-2015
2017-30844,369,1st,2016-2017
2017-30858,1569,1st,2015-2016
2017-30056,406,2nd,2014-2015
2017-30983,1924,1st,2015-2016
2017-30062,1296,Sum,2016-2017
2017-30552,1661,Sum,2017-2018
2017-30895,5,Sum,2016-2017
2017-30742,621,2nd,2014-2015
2017-30475,1393,Sum,2017-2018
2017-30635,1161,Sum,2014-2015
2017-30675,1107,1st,2017-2018
2017-30199,943,2nd,2016-2017
2017-30461,991,1st,2017-2018
2017-30785,1422,2nd,2014-2015
2017-30301,173,1st,2017-2018
2017-30652,658,Sum,2016-2017
2017-30841,1802,2nd,2017-2018
2017-30523,1507,Sum,2017-2018
2017-30589,1435,2nd,2014-2015
2017-30431,1391,2nd,2015-2016
2017-30495,1902,Sum,2015-2016
2017-30847,1390,Sum,2017-2018
2017-30019,836,1st,2017-2018
2017-30688,797,2nd,2017-2018
2017-30702,1791,Sum,2017-2018
2017-30415,1516,1st,2016-2017
2017-30694,83,2nd,2014-2015
2017-30403,1617,Sum,2017-2018
2017-30381,973,1st,2017-2018
2017-30339,1837,1st,2015-2016
2017-30994,95,1st,2017-2018
2017-30867,1132,2nd,2016-2017
2017-30612,238,1st,2017-2018
2017-30333,1659,1st,2015-2016
2017-30618,61,1st,2015-2016
2017-30059,1494,1st,2014-2015
2017-30347,1143,Sum,2017-2018
2017-30028,114,1st,2017-2018
2017-30933,1882,1st,2016-2017
2017-30256,1261,2nd,2014-2015
2017-30080,1021,1st,2017-2018
2017-30438,1737,1st,2016-2017
2017-30894,899,1st,2017-2018
2017-30382,1965,Sum,2017-2018
2017-30655,1804,2nd,2017-2018
2017-30155,240,2nd,2016-2017
2017-30912,1736,2nd,2017-2018
2017-30023,410,Sum,2015-2016
2017-30669,1281,1st,2017-2018
2017-30420,1560,1st,2015-2016
2017-30313,598,Sum,2016-2017
2017-30493,830,Sum,2017-2018
2017-30612,200,1st,2014-2015
2017-30453,340,1st,2015-2016
2017-30973,1976,Sum,2017-2018
2017-30690,1256,2nd,2017-2018
2017-30978,919,2nd,2016-2017
2017-30230,710,2nd,2016-2017
2017-30636,1097,Sum,2017-2018
2017-30977,469,Sum,2015-2016
2017-30661,1864,Sum,2014-2015
2017-30063,1440,2nd,2014-2015
2017-30245,635,Sum,2015-2016
2017-30625,1542,2nd,2014-2015
2017-30537,797,1st,2017-2018
2017-30219,1048,1st,2014-2015
2017-30509,990,1st,2017-2018
2017-30140,1242,2nd,2014-2015
2017-30075,1805,1st,2014-2015
2017-30547,165,Sum,2015-2016
2017-30159,1963,2nd,2016-2017
2017-30236,109,Sum,2015-2016
2017-30359,1929,1st,2016-2017
2017-30719,1408,1st,2016-2017
2017-30892,1123,2nd,2016-2017
2017-30384,337,2nd,2014-2015
2017-30747,854,1st,2017-2018
2017-30163,1101,1st,2017-2018
2017-30924,679,2nd,2016-2017
2017-30294,593,1st,2014-2015
2017-30368,1757,2nd,2017-2018
2017-30846,436,Sum,2016-2017
2017-30663,1479,2nd,2015-2016
2017-30335,1047,2nd,2017-2018
2017-30505,1536,2nd,2017-2018
2017-30200,737,2nd,2017-2018
2017-30547,1663,2nd,2015-2016
2017-30513,1874,1st,2016-2017
2017-30808,456,2nd,2017-2018
2017-30553,1156,1st,2015-2016
2017-30350,1664,2nd,2014-2015
2017-30082,1135,2nd,2016-2017
2017-30577,1710,1st,2016-2017
2017-30338,1536,Sum,2015-2016
2017-30835,662,2nd,2017-2018
2017-30934,72,Sum,2017-2018
2017-30649,1061,2nd,2015-2016
2017-30083,1279,Sum,2017-2018
2017-30794,137,Sum,2016-2017
2017-30977,1029,1st,2014-2015
2017-30014,1016,Sum,2014-2015
2017-30686,487,2nd,2017-2018
2017-30525,1810,1st,2015-2016
2017-30712,11,Sum,2016-2017
2017-30772,1884,2nd,2016-2017
2017-30991,760,1st,2015-2016
2017-30316,1473,2nd,2016-2017
2017-30543,1807,1st,2017-2018
2017-30689,1093,Sum,2017-2018
2017-30004,1500,1st,2014-2015
2017-30453,1685,Sum,2017-2018
2017-30447,259,2nd,2016-2017
2017-30037,69,1st,2015-2016
2017-30805,822,Sum,2017-2018
2017-30107,851,Sum,2016-2017
2017-30154,1416,Sum,2015-2016
2017-30004,807,1st,2014-2015
2017-30437,696,Sum,2017-2018
2017-30901,506,1st,2015-2016
2017-30540,1681,Sum,2015-2016
2017-30186,282,1st,2016-2017
2017-30561,637,2nd,2016-2017
2017-30639,1907,Sum,2014-2015
2017-30782,1416,Sum,2015-2016
2017-30277,1270,Sum,2017-2018
2017-30796,1558,2nd,2016-2017
2017-30452,1635,Sum,2017-2018
2017-30071,881,2nd,2017-2018
2017-30820,979,2nd,2016-2017
2017-30541,1450,1st,2015-2016
2017-30419,974,2nd,2016-2017
2017-30645,973,1st,2016-2017
2017-30940,439,2nd,2014-2015
2017-30906,737,Sum,2014-2015
2017-30493,1579,2nd,2016-2017
2017-30973,1679,Sum,2016-2017
2017-30394,1634,Sum,2016-2017
2017-30650,253,2nd,2016-2017
2017-30203,679,Sum,2015-2016
2017-30171,875,2nd,2015-2016
2017-30129,1483,Sum,2017-2018
2017-30078,1634,Sum,2016-2017
2017-30813,1980,Sum,2016-2017
2017-30617,595,2nd,2014-2015
2017-30539,1926,Sum,2014-2015
2017-30461,322,2nd,2017-2018
2017-30140,1392,Sum,2014-2015
2017-30631,1085,1st,2017-2018
2017-30205,464,2nd,2014-2015
2017-30594,1142,Sum,2015-2016
2017-30723,395,Sum,2014-2015
2017-30742,1866,2nd,2016-2017
2017-30443,1571,1st,2014-2015
2017-30581,984,Sum,2014-2015
2017-30181,816,1st,2015-2016
2017-30090,1586,2nd,2015-2016
2017-30101,1151,1st,2016-2017
2017-30526,738,2nd,2016-2017
2017-30572,343,1st,2017-2018
2017-30846,956,Sum,2015-2016
2017-30497,205,1st,2015-2016
2017-30114,321,1st,2015-2016
2017-30924,701,2nd,2017-2018
2017-30483,621,Sum,2014-2015
2017-30537,816,2nd,2015-2016
2017-30443,1778,Sum,2014-2015
2017-30669,89,Sum,2016-2017
2017-30601,1434,1st,2016-2017
2017-30872,842,1st,2016-2017
2017-30071,279,Sum,2014-2015
2017-30147,460,1st,2014-2015
2017-30012,1985,2nd,2015-2016
2017-30521,150,Sum,2014-2015
2017-30130,447,1st,2016-2017
2017-30328,489,Sum,2016-2017
2017-30363,1042,1st,2016-2017
2017-30613,162,1st,2014-2015
2017-30356,508,Sum,2017-2018
2017-30461,1077,2nd,2015-2016
2017-30592,1280,Sum,2014-2015
2017-30176,581,2nd,2014-2015
2017-30659,591,1st,2015-2016
2017-30364,1293,Sum,2014-2015
2017-30109,1732,2nd,2017-2018
2017-30367,423,2nd,2016-2017
2017-30572,1307,1st,2017-2018
2017-30570,1471,2nd,2014-2015
2017-30547,197,Sum,2016-2017
2017-30463,31,1st,2014-2015
2017-30114,1027,Sum,2015-2016
2017-30211,1660,1st,2016-2017
2017-30210,1426,2nd,2015-2016
2017-30541,397,2nd,2015-2016
2017-30607,1950,2nd,2015-2016
2017-30310,186,1st,2016-2017
2017-30279,1471,Sum,2014-2015
2017-30191,1948,Sum,2016-2017
2017-30545,1747,2nd,2015-2016
2017-30804,4,Sum,2017-2018
2017-30354,1121,2nd,2017-2018
2017-30410,689,2nd,2016-2017
2017-30312,1400,2nd,2014-2015
2017-30774,487,1st,2014-2015
2017-30891,323,Sum,2017-2018
2017-30570,1541,Sum,2014-2015
2017-30651,530,1st,2017-2018
2017-30528,748,1st,2015-2016
2017-30644,799,Sum,2017-2018
2017-30542,1786,1st,2014-2015
2017-30735,216,1st,2014-2015
2017-30560,8,1st,2016-2017
2017-30908,1284,1st,2016-2017
2017-30348,806,Sum,2016-2017
2017-30852,1387,1st,2017-2018
2017-30775,497,Sum,2017-2018
2017-30689,1391,1st,2015-2016
2017-30301,1707,2nd,2015-2016
2017-30557,1883,1st,2014-2015
2017-30356,1728,1st,2015-2016
2017-30315,154,1st,2016-2017
2017-30741,1951,1st,2015-2016
2017-30836,1074,2nd,2016-2017
2017-30431,470,Sum,2015-2016
2017-30096,581,2nd,2014-2015
2017-30222,1974,1st,2014-2015
2017-30133,269,2nd,2016-2017
2017-30405,1188,Sum,2016-2017
2017-30478,541,1st,2014-2015
2017-30870,1778,2nd,2016-2017
2017-30161,1372,2nd,2015-2016
2017-30786,446,1st,2015-2016
2017-30371,1201,Sum,2016-2017
2017-30118,701,Sum,2015-2016
2017-30808,766,2nd,2016-2017
2017-30718,939,2nd,2016-2017
2017-30743,1684,Sum,2014-2015
2017-30378,873,2nd,2016-2017
2017-30819,65,Sum,2016-2017
2017-30975,1326,1st,2017-2018
2017-30586,1633,Sum,2014-2015
2017-30920,902,1st,2014-2015
2017-30825,1579,1st,2016-2017
2017-30088,47,Sum,2016-2017
2017-30825,1147,Sum,2017-2018
2017-30232,1483,Sum,2015-2016
2017-30091,1199,2nd,2016-2017
2017-30781,1109,2nd,2017-2018
2017-30380,1395,Sum,2017-2018
2017-30294,76,2nd,2017-2018
2017-30093,380,Sum,2015-2016
2017-30424,471,2nd,2015-2016
2017-30086,529,2nd,2017-2018
2017-30529,1910,Sum,2017-2018
2017-30594,354,Sum,2017-2018
2017-30331,528,1st,2015-2016
2017-30423,1614,2nd,2017-2018
2017-30868,824,2nd,2014-2015
2017-30691,1291,1st,2014-2015
2017-30007,979,1st,2015-2016
2017-30253,987,1st,2017-2018
2017-30731,1107,1st,2014-2015
2017-30592,908,Sum,2017-2018
2017-30924,1163,1st,2016-2017
2017-30927,1663,1st,2016-2017
2017-30576,667,Sum,2016-2017
2017-30755,1202,2nd,2017-2018
2017-30438,1959,Sum,2014-2015
2017-30042,1172,1st,2015-2016
2017-30773,68,1st,2016-2017
2017-30960,1402,1st,2016-2017
2017-30007,498,2nd,2015-2016
2017-30833,1075,2nd,2017-2018
2017-30537,1066,2nd,2017-2018
2017-30227,282,2nd,2015-2016
2017-30635,1896,2nd,2015-2016
2017-30057,328,2nd,2017-2018
2017-30952,1125,1st,2017-2018
2017-30019,1887,1st,2016-2017
2017-30596,1205,Sum,2014-2015
2017-30887,77,2nd,2017-2018
2017-30629,1388,2nd,2016-2017
2017-30511,1885,2nd,2015-2016
2017-30139,904,2nd,2015-2016
2017-30027,1407,1st,2015-2016
2017-30041,876,Sum,2017-2018
2017-30825,1908,2nd,2014-2015
2017-30109,1005,2nd,2014-2015
2017-30923,1069,2nd,2015-2016
2017-30921,1037,Sum,2017-2018
2017-30900,1325,1st,2016-2017
2017-30933,216,1st,2014-2015
2017-30284,1447,1st,2016-2017
2017-30273,476,Sum,2014-2015
2017-30640,1252,Sum,2016-2017
2017-30757,57,Sum,2017-2018
2017-30913,477,Sum,2017-2018
2017-30889,647,2nd,2017-2018
2017-30873,964,2nd,2017-2018
2017-30120,962,1st,2016-2017
2017-30559,1162,Sum,2015-2016
2017-30668,1838,1st,2016-2017
2017-30962,302,1st,2016-2017
2017-30369,1118,Sum,2017-2018
2017-30798,791,1st,2016-2017
2017-30204,440,2nd,2014-2015
2017-30683,1061,2nd,2017-2018
2017-30520,1999,2nd,2017-2018
2017-30733,895,1st,2017-2018
2017-30485,1417,2nd,2015-2016
2017-30499,1793,2nd,2015-2016
2017-30109,61,1st,2014-2015
2017-30018,280,2nd,2017-2018
2017-30155,1500,1st,2017-2018
2017-30712,127,1st,2017-2018
2017-30765,261,2nd,2016-2017
2017-30272,482,Sum,2016-2017
2017-30881,813,1st,2014-2015
2017-30952,1615,Sum,2017-2018
2017-30371,315,Sum,2016-2017
2017-30192,1710,2nd,2014-2015
2017-30069,1182,2nd,2017-2018
2017-30153,1758,2nd,2016-2017
2017-30885,77,Sum,2016-2017
2017-30085,1005,Sum,2015-2016
2017-30248,1029,2nd,2017-2018
2017-30641,1037,Sum,2014-2015
2017-30545,1699,2nd,2017-2018
2017-30819,87,2nd,2016-2017
2017-30771,1618,1st,2017-2018
2017-30703,1973,Sum,2016-2017
2017-30062,562,Sum,2016-2017
2017-30792,309,Sum,2014-2015
2017-30275,1154,1st,2015-2016
2017-30557,1435,Sum,2015-2016
2017-30160,1742,Sum,2017-2018
2017-30203,767,Sum,2016-2017
2017-30774,261,1st,2017-2018
2017-30212,231,1st,2015-2016
2017-30119,1102,1st,2014-2015
2017-30489,1087,1st,2015-2016
2017-30251,192,Sum,2015-2016
2017-30625,1890,Sum,2015-2016
2017-30463,1661,2nd,2015-2016
2017-30907,1445,Sum,2014-2015
2017-30503,1140,2nd,2014-2015
2017-30580,1640,2nd,2015-2016
2017-30779,1174,Sum,2016-2017
2017-30360,105,1st,2014-2015
2017-30029,188,1st,2017-2018
2017-30700,1576,Sum,2014-2015
2017-30888,1492,2nd,2015-2016
2017-30048,503,Sum,2017-2018
2017-30618,1294,2nd,2015-2016
2017-30778,1609,2nd,2015-2016
2017-30931,439,2nd,2017-2018
2017-30940,960,2nd,2014-2015
2017-30536,114,1st,2015-2016
2017-30438,1756,Sum,2016-2017
2017-30080,1740,2nd,2014-2015
2017-30967,1691,Sum,2015-2016
2017-30505,1348,Sum,2017-2018
2017-30196,763,1st,2015-2016
2017-30792,66,1st,2014-2015
2017-30142,970,2nd,2015-2016
2017-30192,1708,2nd,2014-2015
2017-30108,1972,Sum,2014-2015
2017-30641,120,2nd,2016-2017
2017-31000,252,2nd,2016-2017
2017-30554,154,Sum,2017-2018
2017-30277,637,2nd,2017-2018
2017-30735,902,1st,2014-2015
2017-30067,618,Sum,2014-2015
2017-30643,1029,Sum,2015-2016
2017-30670,1200,1st,2014-2015
2017-30408,54,Sum,2016-2017
2017-30509,1675,2nd,2015-2016
2017-30019,1037,2nd,2014-2015
2017-30529,1821,2nd,2015-2016
2017-30298,415,2nd,2015-2016
2017-30586,1179,1st,2017-2018
2017-30693,996,1st,2017-2018
2017-30775,519,2nd,2017-2018
2017-30545,1201,Sum,2016-2017
2017-30892,960,Sum,2015-2016
2017-30826,1604,1st,2016-2017
2017-30200,1800,Sum,2017-2018
2017-30044,1340,1st,2017-2018
2017-30233,909,Sum,2017-2018
2017-30827,224,1st,2016-2017
2017-30487,881,1st,2014-2015
2017-30385,1600,1st,2016-2017
2017-30260,97,2nd,2015-2016
2017-30842,847,1st,2016-2017
2017-30753,729,1st,2016-2017
2017-30087,1380,Sum,2017-2018
2017-30576,757,2nd,2016-2017
2017-30287,1136,1st,2014-2015
2017-30041,1648,1st,2014-2015
2017-30789,37,2nd,2017-2018
2017-30768,1685,Sum,2017-2018
2017-30709,856,2nd,2016-2017
2017-30110,1626,1st,2017-2018
2017-30570,1969,2nd,2016-2017
2017-30745,759,1st,2014-2015
2017-30987,1995,2nd,2017-2018
2017-30128,1826,1st,2015-2016
2017-30770,689,1st,2017-2018
2017-30628,106,Sum,2014-2015
2017-30109,225,1st,2016-2017
2017-30811,1959,Sum,2016-2017
2017-30638,815,1st,2014-2015
2017-30856,1439,Sum,2015-2016
2017-30879,10,Sum,2016-2017
2017-30023,155,1st,2016-2017
2017-30226,1185,2nd,2014-2015
2017-30585,339,Sum,2016-2017
2017-30028,670,1st,2016-2017
2017-30369,1531,1st,2014-2015
2017-30764,1202,1st,2014-2015
2017-30728,1310,2nd,2015-2016
2017-30775,164,2nd,2017-2018
2017-30122,1218,Sum,2015-2016
2017-30934,766,Sum,2017-2018
2017-30374,1656,Sum,2015-2016
2017-30573,1550,Sum,2016-2017
2017-30260,1103,1st,2015-2016
2017-30190,350,1st,2016-2017
2017-30313,130,1st,2015-2016
2017-30135,146,2nd,2014-2015
2017-30641,1159,1st,2015-2016
2017-30629,1810,1st,2014-2015
2017-30365,1753,Sum,2017-2018
2017-30400,606,2nd,2014-2015
2017-30784,119,Sum,2016-2017
2017-30391,1893,Sum,2017-2018
2017-30128,1296,2nd,2015-2016
2017-30218,691,2nd,2014-2015
2017-30314,354,Sum,2014-2015
2017-30813,130,Sum,2017-2018
2017-30094,345,2nd,2016-2017
2017-30582,1163,Sum,2017-2018
2017-30937,1038,Sum,2016-2017
2017-30060,1655,1st,2015-2016
2017-30559,413,Sum,2015-2016
2017-30704,46,Sum,2014-2015
2017-30651,262,2nd,2017-2018
2017-30090,73,Sum,2015-2016
2017-30508,365,1st,2014-2015
2017-30270,1877,1st,2016-2017
2017-30113,770,Sum,2014-2015
2017-30357,1293,Sum,2016-2017
2017-30387,539,2nd,2016-2017
2017-30568,464,2nd,2015-2016
2017-30022,859,1st,2017-2018
2017-30070,1607,2nd,2017-2018
2017-30784,19,Sum,2015-2016
2017-30417,1703,Sum,2014-2015
2017-30677,793,1st,2017-2018
2017-30905,549,2nd,2016-2017
2017-30893,1404,2nd,2014-2015
2017-30973,906,Sum,2015-2016
2017-30304,1126,1st,2015-2016
2017-30893,1064,1st,2017-2018
2017-30343,15,Sum,2015-2016
2017-30199,980,Sum,2016-2017
2017-30910,835,2nd,2015-2016
2017-30854,84,Sum,2017-2018
2017-30226,1715,Sum,2016-2017
2017-30015,1555,2nd,2017-2018
2017-30469,1886,1st,2016-2017
2017-30339,1952,Sum,2017-2018
2017-30064,188,Sum,2017-2018
2017-30277,578,1st,2017-2018
2017-30230,637,1st,2017-2018
2017-30750,798,2nd,2016-2017
2017-30279,326,1st,2014-2015
2017-30120,1043,1st,2016-2017
2017-30448,1102,Sum,2014-2015
2017-30542,537,2nd,2015-2016
2017-30395,1132,1st,2014-2015
2017-30736,1468,1st,2015-2016
2017-30882,679,2nd,2017-2018
2017-30405,1489,1st,2014-2015
2017-30135,1748,Sum,2014-2015
2017-30599,175,Sum,2016-2017
2017-30260,402,1st,2017-2018
2017-30909,276,Sum,2017-2018
2017-30735,1128,2nd,2017-2018
2017-30699,211,Sum,2014-2015
2017-30234,1969,1st,2016-2017
2017-30652,1281,2nd,2016-2017
2017-30487,525,2nd,2015-2016
2017-30683,1908,1st,2017-2018
2017-30950,1844,2nd,2015-2016
2017-30636,1717,1st,2014-2015
2017-30644,722,Sum,2015-2016
2017-30714,478,Sum,2014-2015
2017-30697,210,1st,2014-2015
2017-30341,996,1st,2015-2016
2017-30712,406,2nd,2015-2016
2017-30350,1249,Sum,2014-2015
2017-30758,531,Sum,2017-2018
2017-30307,1157,2nd,2015-2016
2017-30506,1331,2nd,2016-2017
2017-30255,1140,Sum,2017-2018
2017-30963,920,1st,2014-2015
2017-30699,486,Sum,2015-2016
2017-30533,1848,2nd,2017-2018
2017-30981,1428,2nd,2014-2015
2017-30614,218,Sum,2016-2017
2017-30550,1889,1st,2016-2017
2017-30303,1964,Sum,2016-2017
2017-30704,1831,1st,2017-2018
2017-30132,1446,1st,2017-2018
2017-30891,1400,Sum,2016-2017
2017-30492,606,Sum,2015-2016
2017-30211,24,Sum,2014-2015
2017-30091,1174,Sum,2017-2018
2017-30036,529,2nd,2017-2018
2017-30372,348,Sum,2016-2017
2017-30868,1360,2nd,2017-2018
2017-30080,830,1st,2015-2016
2017-30003,1819,Sum,2017-2018
2017-30853,130,Sum,2015-2016
2017-30675,735,1st,2014-2015
2017-30765,603,Sum,2016-2017
2017-30081,331,Sum,2015-2016
2017-30793,831,2nd,2016-2017
2017-30415,1128,1st,2017-2018
2017-30394,1805,2nd,2015-2016
2017-30795,1036,2nd,2015-2016
2017-30651,1441,1st,2016-2017
2017-30166,26,Sum,2016-2017
2017-30741,486,2nd,2017-2018
2017-30849,1926,1st,2016-2017
2017-30148,1759,Sum,2017-2018
2017-30251,645,2nd,2015-2016
2017-30773,1020,2nd,2014-2015
2017-30709,887,2nd,2017-2018
2017-30400,1849,Sum,2016-2017
2017-30111,1707,1st,2017-2018
2017-30189,8,1st,2014-2015
2017-30868,341,Sum,2016-2017
2017-30648,1639,2nd,2016-2017
2017-30073,797,2nd,2014-2015
2017-30440,1618,Sum,2017-2018
2017-30447,278,1st,2017-2018
2017-30936,427,2nd,2017-2018
2017-30393,1655,Sum,2016-2017
2017-30572,1121,1st,2016-2017
2017-30501,1061,2nd,2017-2018
2017-30692,1614,Sum,2017-2018
2017-30377,800,Sum,2017-2018
2017-30190,248,2nd,2015-2016
2017-30549,1066,Sum,2016-2017
2017-30351,1096,2nd,2014-2015
2017-30228,512,2nd,2017-2018
2017-30130,1003,1st,2017-2018
2017-30946,696,2nd,2015-2016
2017-30786,744,2nd,2016-2017
2017-30703,129,1st,2017-2018
2017-30281,1676,1st,2015-2016
2017-30297,316,2nd,2017-2018
2017-30998,948,1st,2017-2018
2017-30426,858,Sum,2014-2015
2017-30327,1939,Sum,2017-2018
2017-30476,1697,1st,2017-2018
2017-30075,615,Sum,2017-2018
2017-30479,1661,1st,2017-2018
2017-30187,495,1st,2016-2017
2017-30086,1896,1st,2017-2018
2017-30103,1964,Sum,2017-2018
2017-30880,492,Sum,2017-2018
2017-30832,1438,1st,2017-2018
2017-30021,1107,Sum,2016-2017
2017-30174,349,Sum,2016-2017
2017-30674,1023,1st,2017-2018
2017-30366,1979,Sum,2014-2015
2017-30778,1660,1st,2016-2017
2017-30523,437,Sum,2014-2015
2017-30424,1654,2nd,2014-2015
2017-30542,1409,1st,2016-2017
2017-30687,343,1st,2016-2017
2017-30542,14,Sum,2015-2016
2017-30959,1479,Sum,2015-2016
2017-30180,905,Sum,2014-2015
2017-30043,18,1st,2014-2015
2017-30102,1852,Sum,2015-2016
2017-30337,1190,2nd,2016-2017
2017-30957,1346,Sum,2017-2018
2017-30183,1408,2nd,2015-2016
2017-30319,415,Sum,2016-2017
2017-30274,1533,Sum,2016-2017
2017-30901,1068,Sum,2016-2017
2017-30989,479,2nd,2017-2018
2017-30755,645,1st,2014-2015
2017-30732,187,1st,2017-2018
2017-30232,1987,1st,2016-2017
2017-30187,1191,2nd,2015-2016
2017-30207,172,Sum,2015-2016
2017-30644,1151,1st,2016-2017
2017-30118,1354,2nd,2017-2018
2017-30569,1762,Sum,2014-2015
2017-30453,1672,2nd,2016-2017
2017-30588,1709,Sum,2014-2015
2017-30100,633,1st,2015-2016
2017-30086,469,Sum,2014-2015
2017-30562,786,1st,2014-2015
2017-30186,1238,Sum,2014-2015
2017-30832,1604,Sum,2017-2018
2017-30002,737,1st,2017-2018
2017-30115,1213,1st,2014-2015
2017-30953,213,2nd,2017-2018
2017-30776,51,1st,2017-2018
2017-30545,1532,2nd,2016-2017
2017-30162,1367,2nd,2016-2017
2017-30907,1337,Sum,2016-2017
2017-30421,192,Sum,2017-2018
2017-30380,542,Sum,2017-2018
2017-30528,284,Sum,2014-2015
2017-30791,817,1st,2014-2015
2017-30618,1197,1st,2014-2015
2017-30897,1789,1st,2014-2015
2017-30922,226,Sum,2017-2018
2017-30646,1623,1st,2017-2018
2017-30473,1528,2nd,2014-2015
2017-30151,416,1st,2015-2016
2017-30255,1114,1st,2014-2015
2017-30800,1935,2nd,2017-2018
2017-30585,364,1st,2015-2016
2017-30085,1025,2nd,2017-2018
2017-30388,1367,2nd,2017-2018
2017-30339,1532,Sum,2015-2016
2017-30047,467,1st,2015-2016
2017-30172,916,Sum,2017-2018
2017-30850,1134,1st,2017-2018
2017-30679,633,Sum,2015-2016
2017-30270,727,2nd,2017-2018
2017-30763,1530,Sum,2014-2015
2017-30199,370,2nd,2016-2017
2017-30618,362,2nd,2015-2016
2017-30418,759,2nd,2015-2016
2017-30461,196,1st,2016-2017
2017-30689,1405,Sum,2015-2016
2017-30614,1626,1st,2015-2016
2017-30996,1399,1st,2016-2017
2017-30033,1365,2nd,2017-2018
2017-30543,660,2nd,2014-2015
2017-30197,1211,2nd,2017-2018
2017-30416,1501,2nd,2015-2016
2017-30375,954,2nd,2017-2018
2017-30526,812,1st,2016-2017
2017-30975,979,Sum,2016-2017
2017-30072,805,2nd,2014-2015
2017-30226,1769,1st,2016-2017
2017-30433,309,1st,2015-2016
2017-30762,1285,1st,2017-2018
2017-30425,1853,Sum,2014-2015
2017-30438,732,1st,2016-2017
2017-30414,1230,2nd,2017-2018
2017-30748,991,Sum,2014-2015
2017-30117,1582,2nd,2014-2015
2017-30846,1171,1st,2014-2015
2017-30593,1128,2nd,2015-2016
2017-30623,324,2nd,2016-2017
2017-30260,1266,1st,2015-2016
2017-30697,1290,2nd,2015-2016
2017-30532,1677,1st,2016-2017
2017-30265,1031,2nd,2014-2015
2017-30882,637,1st,2016-2017
2017-30474,1752,2nd,2015-2016
2017-30954,527,Sum,2017-2018
2017-30980,1999,2nd,2015-2016
2017-30517,1596,Sum,2015-2016
2017-30299,481,Sum,2014-2015
2017-30999,394,2nd,2014-2015
2017-30757,1162,1st,2016-2017
2017-30909,1986,1st,2015-2016
2017-30091,1028,Sum,2016-2017
2017-30376,997,Sum,2015-2016
2017-30617,368,Sum,2015-2016
2017-30748,397,Sum,2014-2015
2017-30778,1266,2nd,2016-2017
2017-30668,261,1st,2017-2018
2017-30952,1818,Sum,2017-2018
2017-30877,1688,2nd,2016-2017
2017-30104,1498,2nd,2014-2015
2017-30172,623,Sum,2015-2016
2017-30115,365,1st,2015-2016
2017-31000,1594,2nd,2015-2016
2017-30603,1657,2nd,2014-2015
2017-30351,817,1st,2015-2016
2017-30893,1244,2nd,2016-2017
2017-30628,683,Sum,2015-2016
2017-30529,1840,Sum,2017-2018
2017-30140,1284,Sum,2014-2015
2017-30156,1533,1st,2014-2015
2017-30205,308,1st,2015-2016
2017-30129,688,2nd,2017-2018
2017-30716,1835,1st,2017-2018
2017-30940,496,Sum,2016-2017
2017-30740,357,Sum,2017-2018
2017-30389,16,1st,2016-2017
2017-30613,834,1st,2015-2016
2017-30165,56,2nd,2016-2017
2017-30546,1327,Sum,2014-2015
2017-30585,668,2nd,2017-2018
2017-30910,646,2nd,2014-2015
2017-30706,1814,1st,2015-2016
2017-30350,466,Sum,2016-2017
2017-30515,1197,2nd,2017-2018
2017-30052,1082,Sum,2015-2016
2017-30840,1857,Sum,2015-2016
2017-30462,1223,Sum,2017-2018
2017-30810,1341,1st,2015-2016
2017-30926,1678,Sum,2017-2018
2017-30420,501,Sum,2014-2015
2017-30686,102,2nd,2016-2017
2017-30874,706,2nd,2017-2018
2017-30727,1270,2nd,2015-2016
2017-30097,346,Sum,2014-2015
2017-30297,1582,2nd,2016-2017
2017-30542,1708,2nd,2016-2017
2017-30520,1586,2nd,2014-2015
2017-30415,381,2nd,2017-2018
2017-30285,1018,Sum,2015-2016
2017-30591,1515,1st,2017-2018
2017-30307,65,Sum,2014-2015
2017-30755,1367,Sum,2016-2017
2017-30170,1112,Sum,2017-2018
2017-30528,1585,2nd,2014-2015
2017-30153,1447,1st,2014-2015
2017-30726,1400,2nd,2017-2018
2017-30418,1794,2nd,2015-2016
2017-30380,1092,Sum,2017-2018
2017-30361,1826,Sum,2014-2015
2017-30583,1275,2nd,2017-2018
2017-30996,46,1st,2015-2016
2017-30079,225,1st,2017-2018
2017-30821,1669,2nd,2015-2016
2017-30894,82,1st,2015-2016
2017-30650,184,Sum,2017-2018
2017-30068,606,2nd,2017-2018
2017-30726,1421,2nd,2017-2018
2017-30114,344,1st,2016-2017
2017-30999,1917,Sum,2017-2018
2017-30838,1638,Sum,2015-2016
2017-30750,1805,2nd,2016-2017
2017-30019,1682,2nd,2017-2018
2017-30644,566,1st,2016-2017
2017-30673,1371,1st,2015-2016
2017-31000,998,1st,2015-2016
2017-30231,720,2nd,2017-2018
2017-30003,1136,Sum,2017-2018
2017-30457,1509,2nd,2017-2018
2017-30099,1457,2nd,2015-2016
2017-30505,1613,Sum,2017-2018
2017-30603,559,1st,2017-2018
2017-30138,897,1st,2014-2015
2017-30086,1937,2nd,2015-2016
2017-30824,1381,2nd,2015-2016
2017-30812,352,Sum,2016-2017
2017-30254,502,Sum,2016-2017
2017-30586,279,Sum,2015-2016
2017-30838,1640,1st,2015-2016
2017-30994,1828,2nd,2016-2017
2017-30795,1102,2nd,2017-2018
2017-30466,1927,Sum,2014-2015
2017-30624,1392,Sum,2016-2017
2017-30206,1212,2nd,2014-2015
2017-30097,1550,2nd,2016-2017
2017-30665,1397,2nd,2016-2017
2017-30229,995,Sum,2014-2015
2017-30096,1601,Sum,2016-2017
2017-30438,1257,2nd,2014-2015
2017-30665,1238,Sum,2014-2015
2017-30711,1474,Sum,2015-2016
2017-30681,1878,2nd,2017-2018
2017-30950,1280,Sum,2017-2018
2017-30181,503,2nd,2015-2016
2017-30955,1558,Sum,2016-2017
2017-30784,854,Sum,2016-2017
2017-30421,652,Sum,2016-2017
2017-30843,1537,1st,2014-2015
2017-30611,982,1st,2017-2018
2017-30608,818,Sum,2016-2017
2017-30906,1586,2nd,2017-2018
2017-30315,259,2nd,2014-2015
2017-30413,149,Sum,2017-2018
2017-30803,950,2nd,2015-2016
2017-30177,121,1st,2014-2015
2017-30380,1829,Sum,2014-2015
2017-30236,1373,Sum,2014-2015
2017-30652,767,1st,2016-2017
2017-30204,878,Sum,2015-2016
2017-30144,340,1st,2016-2017
2017-30102,656,2nd,2016-2017
2017-30095,209,1st,2015-2016
2017-30070,1470,1st,2016-2017
2017-30408,654,1st,2017-2018
2017-30519,1033,2nd,2015-2016
2017-30089,531,Sum,2015-2016
2017-30101,778,2nd,2017-2018
2017-30351,755,Sum,2014-2015
2017-30940,1730,1st,2016-2017
2017-30460,235,2nd,2015-2016
2017-30407,792,2nd,2017-2018
2017-30210,1753,2nd,2017-2018
2017-30148,1524,Sum,2016-2017
2017-30808,837,Sum,2015-2016
2017-30883,1041,Sum,2015-2016
2017-30082,1154,1st,2014-2015
2017-30652,1122,Sum,2014-2015
2017-30556,645,1st,2016-2017
2017-30137,1644,1st,2016-2017
2017-30484,831,1st,2015-2016
2017-30760,953,Sum,2014-2015
2017-30390,196,Sum,2015-2016
2017-30827,1428,Sum,2017-2018
2017-30012,1777,Sum,2017-2018
2017-30015,1455,Sum,2016-2017
2017-30079,533,2nd,2014-2015
2017-30486,327,1st,2016-2017
2017-30688,1099,Sum,2014-2015
2017-30779,1365,2nd,2017-2018
2017-30260,1925,Sum,2014-2015
2017-30846,1065,2nd,2014-2015
2017-30331,1633,2nd,2015-2016
2017-30518,901,2nd,2015-2016
2017-30992,224,1st,2014-2015
2017-30154,200,2nd,2014-2015
2017-30772,1934,Sum,2017-2018
2017-30848,1041,Sum,2017-2018
2017-30307,854,1st,2015-2016
2017-30283,399,Sum,2014-2015
2017-30304,652,1st,2017-2018
2017-30160,131,Sum,2017-2018
2017-30991,77,1st,2016-2017
2017-30284,692,1st,2015-2016
2017-30688,1800,Sum,2017-2018
2017-30983,1835,Sum,2016-2017
2017-30834,259,1st,2017-2018
2017-30355,1870,2nd,2017-2018
2017-30696,243,Sum,2014-2015
2017-30029,623,1st,2017-2018
2017-30328,667,2nd,2016-2017
2017-30412,470,Sum,2016-2017
2017-30958,573,1st,2016-2017
2017-30764,282,Sum,2015-2016
2017-30215,1482,Sum,2014-2015
2017-30788,1255,1st,2017-2018
2017-30819,764,1st,2017-2018
2017-30278,1696,1st,2015-2016
